nwm,"Name, God Consciousness, Divine Presence",Gurbani,2
rhwau,"Pause, (marks chorus, or main theme line)",Gurbani,8
mhlw,"Identifies which Guru is author, neighborhood",Gurbani,2
rwm,"God, All pervading Divine Spirit",Gurbani,2
gurmuK,In tune with the Guru,Gurbani,7
pRB,"Beloved, Master",Gurbani,1
sdw,Always,Gurbani,2
siqgur,"True or Perfect Guru, God",Gurbani,8
jIau,soul or life; respectful and affectionate apelation (Jee in MP),Gurbani,8
ibnu,without,Gurbani,8
jn,"(devoted) servant, slave",Gurbani,1
sB,all,Gurbani,1
mih,"in (preposition), within",Gurbani,3
scu,"true, eternal",Gurbani,7
ko,"to (pp - noo in MP), any or which (koee in MP)",Gurbani,15
sbid,"Word, Naam",Gurbani,3
suK,"happiness, peace",Gurbani,7
miweAw,"worldly entanglements, illusionary & transient",Gurbani,4
sMg,"with, close",Gurbani,19
hau,I or me (pronoun),Gurbani,7
prswd,"grace, kindness, mercy",Gurbani,2
soeI,that one,Gurbani,16
ikrpw,"kindness, mercy",Gurbani,4
sMq,"saintly person in tune with God, often used for Guru",Gurbani,19
AMqr,"within, in (MP - vich)",Gurbani,19
Bgq,"devotee of God, saintly person",Gurbani,1
isau,"(pp) to, with (MP - noo)",Gurbani,8
ikAw,what (MP - kee),Gurbani,4
sgl,all,Gurbani,1
haumY,"ego, pride, sense of I (separate from God & creation or from others)",Gurbani,14
pweIAY,obtain,Gurbani,14
hy,O (form of address),Gurbani,11
Gr,home,Gurbani,1
Sbd,"Word, Gurbani, Naam",Gurbani,1
iml,meet,Gurbani,3
hm,"We, I",Gurbani,1
khu,"says, say  (kehna - to say)",Gurbani,7
duK,"sorrow, suffering",Gurbani,7
AwvY,"comes (aanaa, aavnaa - to come)",Gurbani,14
BweI,"brother, friend (used as address)",Gurbani,6
suAwmI,"Master, Lord, Husband; (syn - thakur) (MP- maalik)",Gurbani,8
Awsw,"hope, desire",Gurbani,2
srb,all,Gurbani,1
qn,body,Gurbani,1
nit,daily - (MP - roz) (syn andin),Gurbani,3
BwvY,"to ge pleasing, appeal to",Gurbani,14
pweIAY,obtain,Gurbani,14
Bey,become,Gurbani,11
pUrn,"complete, perfect",Gurbani,9
rs,"delicious taste, enjoyment, spiritual rapture",Gurbani,1
ilv,deep continuous love and absorption,Gurbani,3
iPr,again,Gurbani,3
syvw,service,Gurbani,12
jnm,birth,Gurbani,1
jIA,"living being, tongue, soul",Gurbani,5
bwxI,"speech, Word",Gurbani,6
shij,"state of peace and balance, tranquility, spontaneous, naturally - with the flow, in tune with the Infinite",Gurbani,3
nwau,"Naam, name",Gurbani,8
eyk,one (MP - ik),Gurbani,11
krih,karnaa - to do,Gurbani,3
AwieAw,aanaa - to come,Gurbani,4
krm,"grace, action",Gurbani,1
rMg,"dye, love",Gurbani,19
Anidnu,daily,Gurbani,8
crn,"feet - symbolizes devotion, humility",Gurbani,1
Amirq,"nectar, immortality",Gurbani,3
duK,"suffering, unhappiness",Gurbani,7
swD,"saintly person,",Gurbani,2
kIAw,"action, (MP - keeta)",Gurbani,6
krqw,creator,Gurbani,2
p@Iq,love,Gurbani,5
Avru,other,Gurbani,7
Bwie,pleases; will; love (doojaa bhaai - duality),Gurbani,4
vsY,"live, abide",Gurbani,13
ivc,"in, within",Gurbani,3
mq,"wisdom, not",Gurbani,1
ipAwry,beloved,Gurbani,12
purK,"person, being, God",Gurbani,7
jm,"death, messenger of death",Gurbani,1
vifAweI,"greatness, glory",Gurbani,6
koਁt,millions (lit. 10 million),Gurbani,15
mhw,great,Gurbani,2
joq,light,Gurbani,15
ihrdY,"(in the) heart, mind (MP - dil) abbrev: ridai",Gurbani,14
inrml,pure (mal=impurity),Gurbani,3
BY,fear ; syn - bhau,Gurbani,13
ndr,grace,Gurbani,1
dUjw,"second, other, duality",Gurbani,10
pq,honor,Gurbani,1
gurmq,"the Guru""s teaching, wisdom",Gurbani,7
muK,"mouth, face, word",Gurbani,7
bl,"strenght, power; sacrifice (balihaaree)",Gurbani,1
Bau,fear (bhaao - love),Gurbani,7
Bgq,"devotee of God, saintly person",Gurbani,1
dwqw,"giver,",Gurbani,2
gq,"state, emancipation",Gurbani,1
dws,"(devoted) servant, slave",Gurbani,2
dieAwl,"kind, generous",Gurbani,4
mnmuK,"self-willed, (opp. of Gurmukh)",Gurbani,7
sq,truth,Gurbani,1
ibD,"Method, way",Gurbani,3
smwie,absorbed in,Gurbani,4
jg,world,Gurbani,1
dr,"door, portal",Gurbani,1
Agm,incomprehensible (attribute of God); unapproachable,Gurbani,1
hukm,"command, will",Gurbani,7
kml,lotus,Gurbani,1
Twkur,Master,Gurbani,8
jb,when,Gurbani,1
icq,"mind, heart",Gurbani,3
ieh,this,Gurbani,3
dwn,"charity, gift",Gurbani,2
ibK,"poison, sin",Gurbani,3
Dn,wealth; blessed; wife or woman,Gurbani,1
myl,union; melnaa - to unite,Gurbani,11
drigh,court,Gurbani,3
igAwn,"knowledge, realization",Gurbani,4
mrY,dies (marnaa - to die),Gurbani,13
rqy,"steeped, absorbed",Gurbani,11
idn,day,Gurbani,3
Aq,very,Gurbani,1
ismr,"remember with love, hold in your heart, meditate",Gurbani,3
Adr,"in, within",Gurbani,1
moh,"attachment, excessive unhealthy love; mohnaa - to attract or fascinate",Gurbani,15
inD,treasure,Gurbani,3
swDsgq,holy company,Gurbani,2
iliKAw,"written, destined (likhna- to write)",Gurbani,4
mr,marnaa - to die; janam maran = birth & death,Gurbani,1
dIn,"poor, humble; religion, spiritual world",Gurbani,5
js,glory,Gurbani,1
iDAwieAw,"meditate on, remember, repeat name",Gurbani,4
Gt,"vessel, heart, being",Gurbani,1
jau,if,Gurbani,7
pMc,"five, select",Gurbani,19
goibd,"God (var - Govind, Govinda)",Gurbani,16
pwp,sin,Gurbani,2
pwr,"beyond, other shore",Gurbani,2
swihb,"Master, lord, term of respect",Gurbani,4
dieAw,mercy,Gurbani,4
khw,where,Gurbani,2
mwr,kill,Gurbani,2
rsnw,"tongue, speech",Gurbani,2
Dur,"destined, primal",Gurbani,7
BI,also (MP: vee),Gurbani,5
Bau,love,Gurbani,7
qb,then,Gurbani,1
pwrb´hm,"God, Transcendental Reality",Gurbani,2
ipr,Divine Spouse,Gurbani,3
inDwn,treasure,Gurbani,4
Cof,"abandon, leave",Gurbani,15
sgq,"association, company",Gurbani,1
vfBwgI,fortunate,Gurbani,6
qq,sublime essence,Gurbani,1
prm,supreme,Gurbani,1
kImq,"price, value",Gurbani,5
bwhr,"outside, besides",Gurbani,2
iqsnw,"thirst, desire",Gurbani,4
kwm,"lust, physical pleasures",Gurbani,2
drsn,"vision, experience of being in Presence",Gurbani,1
jl,water (mp - paanee),Gurbani,1
pwivh,paavna - to obtain,Gurbani,4
msqk,Forehead (MP mathaa),Gurbani,1
Brm,"doubt, confusion",Gurbani,1
kwieAw,"body, self",Gurbani,4
prIqm,beloved,Gurbani,5
mYl,impurity,Gurbani,13
visAw,dwells,Gurbani,4
prym,love,Gurbani,11
Agn,fire,Gurbani,1
Drm,"righteous actions, duty, religion",Gurbani,1
b´rm,Absolute Lord,Gurbani,1
dIAw,gave,Gurbani,6
bhuq,"much, lots, very",Gurbani,7
Pl,fruit,Gurbani,1
aUpr,"on, above",Gurbani,9
inrBau,free from fear,Gurbani,8
igAwnI,"wise, knowledgable",Gurbani,6
Ar,and,Gurbani,1
jq,"being, creature",Gurbani,1
kwr,"task, affair",Gurbani,2
nr,"Man, mortal",Gurbani,1
soBw,glory,Gurbani,16
mwn,"pride, honor",Gurbani,2
byd,Vedas (hindu scripture),Gurbani,11
iKn,"moment, instant",Gurbani,3
prwn,"life, breath",Gurbani,2
jl,water,Gurbani,1
ipqw,father,Gurbani,4
jgq,world,Gurbani,1
bDn,"bonds, fetters",Gurbani,1
jogI,"yogi, one seeking union with God",Gurbani,16
mIq,dear friend,Gurbani,5
rv,permeating,Gurbani,1
Aq,"end, limit",Gurbani,1
kwl,"death, time",Gurbani,2
kvn,which,Gurbani,1
rqn,gem,Gurbani,1
kUV,false,Gurbani,9
jg,world,Gurbani,1
sswr,world,Gurbani,2
AMqrjwmI,"Knower of deepest thoughts (God), Inner Guide",Gurbani,20
durmq,evil mindedness,Gurbani,7
imlwey,"help to meet, unite",Gurbani,12
swgr,ocean,Gurbani,2
prwpq,"possess, obtain",Gurbani,2
jwq,"caste, social status, species",Gurbani,2
kroD,"anger, wrath",Gurbani,15
AwT,eight,Gurbani,2
gopwl,"God, cherisher of the world",Gurbani,16
Et,support,Gurbani,1
pUjw,worship,Gurbani,10
Ardws,prayer,Gurbani,2
DUV,dust,Gurbani,9
pCwxY,(pachhananaa) to recognize,Gurbani,14
iqAwg,"abandon, give up, renounce",Gurbani,4
ipMfu,body,Gurbani,20
mITw,sweet (MP - mitha),Gurbani,6
Blw,good,Gurbani,2
mUrK,fool,Gurbani,9
inrMjn,"God, The One unsullied by Maya or pollution",Gurbani,20
pyK,pekhna - to see (syn. dekhna),Gurbani,11
kul,"clan, ancestory",Gurbani,7
mwqw,mother,Gurbani,2
sirst,"creation, universe",Gurbani,3
suq,"son, child",Gurbani,7
inkt,"near, close",Gurbani,3
hmwrw,"Our, my",Gurbani,2
aUcw,high,Gurbani,10
Bwg,"bhaagna - to run away; bhaag - fortune, destiny",Gurbani,2
qrY,"tarnaa -swim, be saved; taraana - to save, help to swim",Gurbani,13
icMqw,worry (MP - fikar) (achintaa - free from worry),Gurbani,20
nwrI,"woman, wife",Gurbani,6
klw,"art, technique",Gurbani,2
loB,greed,Gurbani,15
smrQ,"potent, capable",Gurbani,1
Ksm,"master, God",Gurbani,1
imq,measure (n),Gurbani,3
syj,bed; divine bed representing union between God and the soul bride,Gurbani,11
pg,foot,Gurbani,1
bwwq,"story, issue, conversation (syn. Gal)",Gurbani,2
BMfwru,"warehouse, treasure",Gurbani,20
kwrj,"affair, task",Gurbani,2
BrpUr,completely full,Gurbani,9
aupdys,"teachings, preaching",Gurbani,12
grB,womb,Gurbani,1
srIr,"body, self",Gurbani,5
ibAMqu,infinite; without an end,Gurbani,20
ibDwqw,"architect of destiny, God",Gurbani,4
mnorQ,"hope, desire",Gurbani,15
Avgun,"sin, weakness",Gurbani,7
is,"praise, glory",Gurbani,3
BMjnu,destroyer,Gurbani,20
bynqI,"prayer, request",Gurbani,12
jor,"power, to join (jorna)",Gurbani,15
inrMkwru,"The Formless One, God",Gurbani,20
prgws,"Light, enlightenment",Gurbani,2
ivkwr,"sins, evil",Gurbani,4
auDwry,udharnaa - to be liberated,Gurbani,12
visAw,"vasnaa - to live, abide, be enshrined",Gurbani,4
pdwrQ,"substance, essence, treasure",Gurbani,2
Bwr,"full, overflowing",Gurbani,2
aupwv,"effort, way or solution",Gurbani,8
vwjY,"rings, play as of music",Gurbani,14
Taur,"Sanctuary, place of rest, support",Gurbani,7
sMgI,companion,Gurbani,20
AwigAw,"command, direction",Gurbani,4
aUjl,"bright, pure",Gurbani,9
smwlY,"cherish, take care of, remember",Gurbani,14
jp,"repeat Name, medidate",Gurbani,1
sws,breath,Gurbani,2
moihAw,"mohanaa- to fascinate, attract",Gurbani,16
ivswr,forget; MP - bhulnaa,Gurbani,4
inrgux,without any merit; absolute and unmanifested (God),Gurbani,8
prweI,"stranger, not one of us, belonging to someone else",Gurbani,6
isAwnp,"cleverness, wisdom",Gurbani,4
kurbwn,sacrifice,Gurbani,8
cwnn,light,Gurbani,2
Dwvq,running (dhaavnaa - to run),Gurbani,2
pRiqpwl,"cherish, take care of (pratipalak - cherisher)",Gurbani,4
svwr,"to set right, decorate,",Gurbani,2
ADwr,support,Gurbani,2
bUJY,(v) understands,Gurbani,14
ibgsY,"blooms forth, joyous, radiant",Gurbani,14
jwnO,jananaa - to know,Gurbani,18
rwKw,"Protector (rakhshaa - protection), caretaker",Gurbani,2
srn,"shelter, protection (var. sharan, sarnaaee)",Gurbani,1
rho,"stay, remain",Gurbani,15
cqur,"clever, intelligent",Gurbani,7
Gnyry,"lots, great",Gurbani,11
swjy,"fashions, creates",Gurbani,12
drd,"Pain, suffering",Gurbani,1
aUTq,"while rising, standing; MP - uthnaa",Gurbani,9
bRhmMf,universe,Gurbani,19
AprwDI,"sinner, guilty",Gurbani,6
gl,"thing, talk",Gurbani,1
sovq,sleeping; sovana - to sleep,Gurbani,15
kIrqn,"singing praises, spiritual music",Gurbani,5
grIb,"poor, humble",Gurbani,5
Awtl,eternal,Gurbani,2
isAwnw,wise,Gurbani,4
sumq,sublime wisdom,Gurbani,7
mwgY,asks,Gurbani,14
vrn,n. color or caste; v. to desribe,Gurbani,1
Brvwsw,"trust, confidence. Var - bharosaa",Gurbani,2
dys,"abode, country, land",Gurbani,11
nmskwr,"salutation, bow in humility",Gurbani,2
nIkw,"good, sublime",Gurbani,6
Ahkwr,"pride, ego",Gurbani,2
myhrvwn,"generous, compassionate",Gurbani,12
swQI,companion,Gurbani,6
vYr,enmity (var. bair); vairee or bairee - enemy,Gurbani,13
AwigAwkwrI,obedient,Gurbani,6
lwg,(laagna) -to be attached,Gurbani,2
prvwr,family,Gurbani,2
svwry,improve,Gurbani,12
dlwl,"kind, generous",Gurbani,2
slwh,to praise,Gurbani,2
jwgnw,"to be awake, spiritually aware",Gurbani,2
smrQ,"potent, capable",Gurbani,1
Aj,Today,Punjabi,1
kt,Cut,Punjabi,1
Cq,Roof,Punjabi,1
Ql,Dry land,Punjabi,1
Ag,Fire,Punjabi,1
kd,Height,Punjabi,1
Ck,Eat,Punjabi,1
ds,"Ten, Tell",Punjabi,1
AK,Eye,Punjabi,1
Kp,Noise,Punjabi,1
Cl,Cheating,Punjabi,1
Dr,Put,Punjabi,1
sc,Truth,Punjabi,1
Kt,Earn,Punjabi,1
jl,Water,Punjabi,1
Dk,Push,Punjabi,1
sB,All,Punjabi,1
Kl,Skin,Punjabi,1
jg,Jug,Punjabi,1
nk,Nose,Punjabi,1
hQ,Hand,Punjabi,1
gl,Neck,Punjabi,1
jt,Farmer,Punjabi,1
nt,Nut,Punjabi,1
hs,Laugh,Punjabi,1
gT,Knot,Punjabi,1
Jg,Bubbles,Punjabi,1
pk,Ripe,Punjabi,1
hk,Right,Punjabi,1
Gr,House,Punjabi,1
tb,Tub,Punjabi,1
pg,Dastar,Punjabi,1
hl,Plough,Punjabi,1
Gl,Send,Punjabi,1
tp,Jump,Punjabi,1
pr,But,Punjabi,1
hV,Flood,Punjabi,1
Gt,Less,Punjabi,1
Tg,Thug,Punjabi,1
Pl,Fruit,Punjabi,1
kl,Yesterday,Punjabi,1
cl,Move,Punjabi,1
qk,See,Punjabi,1
PV,Hold,Punjabi,1
kp,Cup,Punjabi,1
cb,Chew,Punjabi,1
qn,Body,Punjabi,1
bs,Bus,Punjabi,1
kj,Cover,Punjabi,1
cK,Taste,Punjabi,1
Qk,Tired,Punjabi,1
bl,Power,Punjabi,1
AKr,Word,Punjabi,1
kxk,Wheat,Punjabi,1
JgV,Quarrel,Punjabi,1
nrk,Hell,Punjabi,1
ArQ,Meaning,Punjabi,1
Kdr,Cloth,Punjabi,1
JVp,Argument,Punjabi,1
nrm,Soft,Punjabi,1
sPr,Journey,Punjabi,1
Krc,Spend,Punjabi,1
JKV,Storm,Punjabi,1
bld,Bull,Punjabi,1
sVk,Road,Punjabi,1
grm,Hot,Punjabi,1
tkr,Collision,Punjabi,1
br&,Ice,Punjabi,1
sbk,Lesson,Punjabi,1
cmk,Shine,Punjabi,1
Fkx,Lid,Punjabi,1
mtr,Peas,Punjabi,1
kmr,Back,Punjabi,1
cpl,Sandle,Punjabi,1
drd,Pain,Punjabi,1
Sbd,Word,Punjabi,1
kml,Lotus,Punjabi,1
cqr,Clever,Punjabi,1
Drm,Religion,Punjabi,1
Srq,Conditional,Punjabi,1
klm,Pen,Punjabi,1
jnm,Birth,Punjabi,1
nkl,Copy,Punjabi,1
^br,News,Punjabi,1
Adrk,Ginger,Punjabi,1
grdn,Neck,Punjabi,1
dsKq,Signature,Punjabi,1
brqn,Utensils,Punjabi,1
hrkq,Movement,Punjabi,1
glgl,Grapefruit,Punjabi,1
drjn,Dozen,Punjabi,1
mqlb,Meaning,Punjabi,1
hrmn,Famous,Punjabi,1
gVbV,Mess up,Punjabi,1
d&qr,Office,Punjabi,1
m^ml,Velvet,Punjabi,1
ksrq,Exercise,Punjabi,1
Jtpt,Instant,Punjabi,1
n&rq,Hate,Punjabi,1
Srbq,Syrup,Punjabi,1
KsKs,Poppy Seed,Punjabi,1
Qrms,Thermos,Punjabi,1
prbq,Mountain,Punjabi,1
Slgm,Turnip,Punjabi,1
Awsw,Hope,Punjabi,2
kwlw,Black,Punjabi,2
qwzw,Fresh,Punjabi,2
mwqw,Mother,Punjabi,2
Awtw,Flour,Punjabi,2
kwkw,Child,Punjabi,2
qwlw,Lock,Punjabi,2
Bwrw,Heavy,Punjabi,2
Awrw,Saw,Punjabi,2
cwcw,Uncle,Punjabi,2
dwdw,"Dad""s Father",Punjabi,2
mwmw,"Mum""s Brother",Punjabi,2
swrw,Everything,Punjabi,2
jwlw,Web,Punjabi,2
Dwgw,Thread,Punjabi,2
rwjw,King,Punjabi,2
hwsw,Laugh,Punjabi,2
qwrw,Star,Punjabi,2
nwnw,"Mum""s Father",Punjabi,2
vwjw,Harmonium,Punjabi,2
sw&,Clean,Punjabi,2
Cwl,Jump,Punjabi,2
qwp,Temperature,Punjabi,2
Xwd,Remember,Punjabi,2
hwr,Necklace,Punjabi,2
jwl,Net,Punjabi,2
Qwl,Plate,Punjabi,2
Xwr,Friend,Punjabi,2
Gwh,Grass,Punjabi,2
Fwl,Shield,Punjabi,2
nwl,Beside,Punjabi,2
rwz,Secret,Punjabi,2
cwr,Four,Punjabi,2
qwr,Wire,Punjabi,2
bwl,Child,Punjabi,2
lwl,Red,Punjabi,2
cwh,Tea,Punjabi,2
qwl,Rhythm,Punjabi,2
bwg,Garden,Punjabi,2
vwl,Hair,Punjabi,2
sdw,Always,Punjabi,2
ktw,Cut,Punjabi,2
clw,Drive,Punjabi,2
PVw,Give,Punjabi,2
szw,Punishment,Punjabi,2
kVw,Iron Bracelet,Punjabi,2
jlw,Burn,Punjabi,2
bxw,Make,Punjabi,2
hvw,Air,Punjabi,2
Krw,Pure,Punjabi,2
QVw,Step,Punjabi,2
Brw,Brother,Punjabi,2
hrw,Green,Punjabi,2
glw,Throat,Punjabi,2
pqw,Address,Punjabi,2
rlw,Mix,Punjabi,2
hlw,Move,Punjabi,2
GVw,Pot,Punjabi,2
plw,Give Drink,Punjabi,2
vjw,Play,Punjabi,2
Awdr,Respect,Punjabi,2
cwdr,Sheet,Punjabi,2
dwvq,Banquet,Punjabi,2
bwlk,Child,Punjabi,2
swbx,Soap,Punjabi,2
cwvl,Rice,Punjabi,2
pwlk,Spinach,Punjabi,2
bwhr,Outside,Punjabi,2
kwZj,Paper,Punjabi,2
cwnx,Light,Punjabi,2
pwrk,Park,Punjabi,2
mwlk,Boss,Punjabi,2
gwjr,Carrot,Punjabi,2
cwbk,Whip,Punjabi,2
Pwtk,Gate,Punjabi,2
mwrc,March,Punjabi,2
Anwr,Pomegranate,Punjabi,2
slwh,Advice,Punjabi,2
glws,Glass,Punjabi,2
plwt,Plot,Punjabi,2
Arwm ,Rest,Punjabi,2
kpwh,Cotton,Punjabi,2
clwk,Clever,Punjabi,2
mkwn,House,Punjabi,2
svwl ,Question,Punjabi,2
knwq,Tent,Punjabi,2
prwq,Big Bowl,Punjabi,2
^rwb,Bad,Punjabi,2
hjwr,Thousand,Punjabi,2
klws,Class,Punjabi,2
dvwq,Ink Pot,Punjabi,2
^rwS,Itchiness,Punjabi,2
ssqw,Cheap,Punjabi,2
gqkw,Gatka,Punjabi,2
qblw,Tabla,Punjabi,2
bsqw,Bag,Punjabi,2
hlkw,Light,Punjabi,2
gmlw,Pot,Punjabi,2
nlkw,Water Pump,Punjabi,2
Brnw,Fill,Punjabi,2
kmrw,Room,Punjabi,2
cmcw,Spoon,Punjabi,2
prdw,Curtain,Punjabi,2
mlnw,Rub,Punjabi,2
kpVw,Cloth,Punjabi,2
JgVw,Fight,Punjabi,2
pqlw,Thin,Punjabi,2
rsqw,Way,Punjabi,2
Ardws,Ardas,Punjabi,2
smwcwr,News,Punjabi,2
qlvwr,Sword,Punjabi,2
pkvwn,Foods,Punjabi,2
A^bwr,Newspaper,Punjabi,2
hvwlwq,Prison,Punjabi,2
Qkwvt,Tired,Punjabi,2
pwTSwlw,School,Punjabi,2
Anwnws,Pineapple,Punjabi,2
tmwtr,Tomato,Punjabi,2
dsqwr,Dastar,Punjabi,2
mwstr,Teacher,Punjabi,2
srkwr,Government,Punjabi,2
fwktr,Doctor,Punjabi,2
drbwr,Darbar,Punjabi,2
rPqwr,Speed,Punjabi,2
srdwr,Sardar,Punjabi,2
qrKwx,Carpenter,Punjabi,2
prvwr,Family,Punjabi,2
v&wdwr,Loyal,Punjabi,2
iek,One,Punjabi,3
ihrn,Deer,Punjabi,3
igx,Count,Punjabi,3
idl,Heart,Punjabi,3
iet,Brick,Punjabi,3
ihlw,Shake,Punjabi,4
icr,Long time,Punjabi,3
ipqw,Father,Punjabi,4
isr,Head,Punjabi,3
ikqwb,Book,Punjabi,4
idn,Day,Punjabi,3
imrc,Chilli,Punjabi,3
sItI,Whistle,Punjabi,5
gIlw,Wet,Punjabi,6
nIlw,Blue,Punjabi,6
meI,May,Punjabi,5
kIVI,Ant,Punjabi,5
qIr,Arrow,Punjabi,5
pIxw,Drink,Punjabi,6
mwsI,"Mum""s Sister",Punjabi,6
KIrw,Cucumber,Punjabi,6
dhI,Yogurt,Punjabi,5
pIlw,Yellow,Punjabi,6
vIr,Brother,Punjabi,5
isrw,An End,Punjabi,4
sIrw,Syrup,Punjabi,6
ipqw,Father,Punjabi,4
pIqw,Drink,Punjabi,6
ihlw,Shake,Punjabi,4
hIlw,Way Out,Punjabi,6
iplw,Give Water,Punjabi,4
pIlw,Yellow,Punjabi,6
icr,So Long,Punjabi,3
cIr,Sawn,Punjabi,5
iBV,Quarell,Punjabi,3
BIV,Crowd,Punjabi,5
iql,Seed,Punjabi,3
qIl,Match Stick,Punjabi,5
iml,Mill,Punjabi,3
mIl,Mile,Punjabi,5
auT,Stand,Punjabi,7
kursI,Chair,Punjabi,8
ju`qI,Shoe,Punjabi,8
puC,Ask,Punjabi,7
sux,Listen,Punjabi,7
gu`sw,Angry,Punjabi,8
tutI,Broken,Punjabi,8
pul,Bridge,Punjabi,7
hux,Now,Punjabi,7
gulwb,Rose,Punjabi,8
quhwfw,Yours,Punjabi,8
rumwl,Handkerchief,Punjabi,8
aUT,Camel,Punjabi,9
sUrj,Sun,Punjabi,9
cwkU,Knife,Punjabi,10
BUAw,Aunt,Punjabi,10
sUeI,Needle,Punjabi,10
gaU,Cow,Punjabi,9
tUtI,Tap,Punjabi,10
BUrw,Brown,Punjabi,10
sUr,Pig,Punjabi,9
gurU,Guru,Punjabi,10
pUC,Tail,Punjabi,9
mUlI,Radish,Punjabi,10
auT,Stand,Punjabi,7
aUT,Camel,Punjabi,9
puC,Ask,Punjabi,7
pUC,Tail,Punjabi,9
sut,Throw,Punjabi,7
sUt,Suit,Punjabi,9
puI,Small Pack,Punjabi,8
pUVI,Fried Roti,Punjabi,10
sur,Tune,Punjabi,7
sUr,Pig,Punjabi,9
Bur,Crumble,Punjabi,7
BUr,Drizzle,Punjabi,9
tutI,Broken,Punjabi,8
tUtI,Tap,Punjabi,10
BurI,Crumble,Punjabi,8
BUrI,Brown,Punjabi,10
syb,Apple,Punjabi,11
svyrw,Morning,Punjabi,12
jyb,Pocket,Punjabi,11
nyVy,Near,Punjabi,11
swfy,Ours,Punjabi,12
kylw,Banana,Punjabi,12
qyl,Oil,Punjabi,11
mylw,Fair,Punjabi,12
syvw,Charity,Punjabi,12
CyqI,Quick,Punjabi,12
dyr,Late,Punjabi,11
ryl,Train,Punjabi,11
AYqvwr,Sunday,Punjabi,14
svYtr,Pullover,Punjabi,13
pYsy,Money,Punjabi,14
bYl,Ox,Punjabi,13
AYnk,Glasses,Punjabi,13
kYmrw,Camera,Punjabi,14
pYdl,On Foot,Punjabi,13
BYx,Sister,Punjabi,13
sYr,Walk,Punjabi,13
QYlw,Bag,Punjabi,14
pYr,Feet,Punjabi,13
mYlw,Dirty,Punjabi,14
byl,Bail,Punjabi,11
bYl,Ox,Punjabi,13
myl,Meet,Punjabi,11
mYl,Dirt,Punjabi,13
myc,Fitting,Punjabi,11
mYc,Match,Punjabi,13
vyr,Once,Punjabi,11
vYr,Enemity,Punjabi,13
soPw,Sofa,Punjabi,16
gol,Round,Punjabi,15
joVy,Shoes,Punjabi,16
qoqw,Parrot,Punjabi,16
kol,Near,Punjabi,15
Gol,Wrestling,Punjabi,15
TofI,Chin,Punjabi,16
do,Two,Punjabi,15
Koqw,Donkey,Punjabi,16
cor,Thief,Punjabi,15
Fol,Drum,Punjabi,15
Doxw,Wash,Punjabi,16
AOKw,Hard,Punjabi,18
sOKw,Easy,Punjabi,18
kOlI,Dish,Punjabi,18
nOkr,Servant,Punjabi,17
AOrq,Woman,Punjabi,17
hOlI,Slow,Punjabi,18
kOVI,Bitter,Punjabi,18
pOVI,Ladder,Punjabi,18
sO,Hundred,Punjabi,17
kOr,Kaur,Punjabi,17
dOV,Race,Punjabi,17
POjI,Soldier,Punjabi,18
so,So,Punjabi,15
sO,Hundred,Punjabi,17
corI,Theft,Punjabi,16
cOrI,Chourrie,Punjabi,18
kol,Near,Punjabi,15
kOl,Promise,Punjabi,17
Dox,Wash,Punjabi,15
DOx,Neck,Punjabi,17
Gol,Wrestling,Punjabi,15
GOl,Mix,Punjabi,17
Bor,Crumble,Punjabi,15
BOr,Bumble Bee,Punjabi,17
AwigAw,"permission, command, direction",Gurbani,4
AwigAwkwrI,obedient,Gurbani,6
AwieAw,to come (aanaa),Gurbani,4
Awls,"lazy, idle, slow, indolent, slothful, lethargic",Gurbani,2
Awsw,"hope, desire",Gurbani,2
AsQwin,place of; settlement of,Gurbani,4
AwT,eight,Gurbani,2
AwvY,"comes (aanaa, aavnaa - to come)",Gurbani,14
Acrj,"Amazing, astonishing, wonderful, marvellous, strange",Gurbani,1
AGwie,"Quenched, fulfilled, satisfied, contented",Gurbani,4
ADwr,support,Gurbani,2
Agm,incomprehensible (attribute of God); unapproachable,Gurbani,1
Agin,fire,Gurbani,3
AigAwnI,"one without knowledge, illiterate, rustic, ignorant, foolish, thoughtless",Gurbani,6
AhMkwr,"pride, ego",Gurbani,20
Alyp,"clean, pure, untouched, untainted, opposite of ਲੇਪ s  ""layp""",Gurbani,11
Anwid,without the root/soul/vibration;,Gurbani,4
And,"Joy, happy, delight, bliss",Gurbani,1
AMcil,support of a scarf or hem of skirt/dress/shirt or edge of garment,Gurbani,20
AMD,"blind, dark",Gurbani,19
AMdr,"in, within",Gurbani,19
Aink,many (var. anek),Gurbani,3
AMiq,"end, limit",Gurbani,20
AMqr,"within, in (MP - vich)",Gurbani,19
AMqrjwmI,"Knower of deepest thoughts (God), Inner Guide, Inner knower, searcher of hearts (Antar-inner Jaami-knower)",Gurbani,20
ApiV,"Reach, equal, compare, approach",Gurbani,3
AprwD,"Sin, blemish, fault, crime, offence, transgression.",Gurbani,2
AprwDI,"sinner, guilty",Gurbani,6
Ardwis,"prayer, supplication",Gurbani,4
Aiq,very,Gurbani,3
Atl,eternal,Gurbani,1
Avgn,"sin, weakness",Gurbani,1
bwhir,"outside, besides",Gurbani,4
bWCih,to ask; to desire;,Gurbani,22
bwix,"1. Gurbani, Hymn, Sound, 2. arrow 3. morning",Gurbani,4
bwxI,"speech, Word, Holy word, Science of sacred vibration",Gurbani,6
bwirk,child,Gurbani,4
bwq,"story, issue, conversation (syn. Gal)",Gurbani,2
bl,"strength, power; sacrifice (balihaaree)",Gurbani,1
bMDn,"bonds, fetters",Gurbani,19
byAMq,infinite; without an end (be-without ant-limit),Gurbani,20
bIcwrw,"reflect, consider, contemplate, realise, idea, opinion",Gurbani,6
bIDy,"entwined, united, pierced",Gurbani,12
bynqI,"prayer, request",Gurbani,12
BweI,"brother, friend (used as address)",Gurbani,6
Bwg,"bhaagna - to run away; bhaag - fortune, destiny",Gurbani,2
BwgT,"fortunate, happy, fortunate ones, flourish",Gurbani,2
Bwie,pleases; will; love (doojaa bhaai - duality),Gurbani,4
Bwxw,"Will	, Divine Law",Gurbani,2
Bwau,love,Gurbani,8
BwvY,"to be pleasing, appeal to",Gurbani,14
BeI,become,Gurbani,5
Bgiq,"devotee of God, saintly person",Gurbani,3
BgqI,"devotion, worship, praying; meditation, dedication",Gurbani,5
BlI,"good, noble, positive, pious, virtuous; good turn, goodness; welfare, well being;",Gurbani,5
Brvwsw,"Trust, confidence, support",Gurbani,2
BI,"also, too, even, is",Gurbani,5
ibnw,"without, except, but for",Gurbani,4
ibns,"kill, destroy, perish, merge away, end, eliminate",Gurbani,3
ibnisAw,"dispelled, removed, destroyed, eliminated",Gurbani,4
ibrh,separation; isolation; alienation,Gurbani,3
BY,fear (syn - bhau),Gurbani,13
Blw,"good, good will, positive state of being",Gurbani,2
BMfwr,"warehouse, treasure",Gurbani,20
BMjn,destroyer,Gurbani,19
Bir,"full, overflowing",Gurbani,3
BrpUr,completely full,Gurbani,9
Brvwsw,"trust, confidence. (Var - bharosaa)",Gurbani,2
Bau,fear (bhaao - love),Gurbani,7
BI,also (MP: vee),Gurbani,5
ibiD,"Method, way",Gurbani,3
ibDwqw,"architect of destiny, God",Gurbani,4
ibgsY,"blooms forth, joyous, radiant",Gurbani,14
bUJY,understands,Gurbani,14
crn,"feet - symbolizes devotion, humility",Gurbani,1
Coif,"abandon, leave",Gurbani,16
icMq,"anxiety, apprehension (opposite is ਅਚਿੰਤ s  aachint)",Gurbani,20
icMqw,worry (MP - fikar) (achintaa - free from worry),Gurbani,20
dw,"of, belonging to",Gurbani,2
dws,"servant, slave; devoted",Gurbani,2
dwqw,giver,Gurbani,2
dieAw,mercy,Gurbani,4
dieAwl,"kind, generous",Gurbani,4
dr,"door, portal",Gurbani,1
drgh,court,Gurbani,1
drsn,"blessing, vision, experience of being in Presence",Gurbani,1
dyKxhwry,"""is/are watching"" from 2 roots - daykhan ਦੇਖਣ s  and haaray ਹਾਰੇ s . The word ""dayk"" means ""look/watch""; ""daykhan"" means ""is/are looking/watching"". ""Haaray"" means ""doer"" or ""endower of"" or ""worthy of""  the suffix.",Gurbani,12
dIAw,gave,Gurbani,6
dIjY,"give, provide, grant, offer, bless, bestow",Gurbani,14
dIn,"poor, humble; religion, spiritual world",Gurbani,5
dIsih,"appear, seem",Gurbani,6
ifTw,"seen, visible",Gurbani,4
dys,"abode, country, land",Gurbani,11
DwgY,relating to string or thread,Gurbani,14
DwieAw,"adopt, pursue, chase, evade,",Gurbani,4
Dwir,"keep, enshrine, arrange, secure, shower, to do, understand",Gurbani,4
Dwrnw,"(1) determine, resolve. (2) assume, adopt, hold, bear (3) Conception",Gurbani,2
Dwvq,running (dhaavnaa - to run),Gurbani,2
Dn,wealth; blessed,Gurbani,1
fir,fear,Gurbani,3
Drm,"righteous actions, duty, religion, path of righteousness",Gurbani,1
DITw,"Stubborn, rebellious, daring",Gurbani,6
iDAwieAw,"meditate on, remember, repeat name (MP-dhian) focus",Gurbani,4
FoAw,"support, strength",Gurbani,16
DUir,dust,Gurbani,10
idlwsw,"Comfort, consolation, solace, encouragement",Gurbani,4
dUjw,"second, other, duality",Gurbani,10
ieh,this,Gurbani,3
Pwsw,"noose, snare, death warrant, see ਫਾਹਾ s  ""faahaa""",Gurbani,2
PMDw,"chain, in chains, snare, trap, net, entanglement, noose",Gurbani,20
gweIJ,to sing; should sing;,Gurbani,6
giq,"state, emancipation",Gurbani,3
gl,"thing, talk",Gurbani,1
glI,"by talking, relating to neck",Gurbani,5
grB,womb,Gurbani,1
grIb,"poor, humble",Gurbani,5
gIDy,"saturated, dye deeply, eagerly desire,",Gurbani,12
Gnyry,"lots, great",Gurbani,11
GVI,"Moment, measure of time, watch, clock, small, pitcher or earthen pot",Gurbani,5
igAwnI,"wise, knowledgeable",Gurbani,6
igAwn,"knowledge, realization",Gurbani,4
igrsq,1. householder. 2. engrossed,Gurbani,3
goibd,"One who sustains the world-God (var - Govind, Govinda)",Gurbani,16
gopwl,"Cherisher of the world-God, One who rotates the Earth",Gurbani,16
hmwrw,"Our, my",Gurbani,2
hr,"The Infinite (God); all, every, everyone, each, any; denominator",Gurbani,1
hir,The Infinite (God); diamond,Gurbani,3
hrI,The Infinite (God); green,Gurbani,5
hau,I,Gurbani,7
haumY,"(hou-me, mai-I) ego, pride, sense of I (separate from God & creation)",Gurbani,14
hY,O (form of address),Gurbani,13
hI,"even, indeed, very, used to emphasis",Gurbani,5
ihqY,"impelled, urged on, set in motion, placed",Gurbani,14
ihrdY,"(in the) heart, mind (MP - dil) abbrev: ridai",Gurbani,14
hm,"We, I",Gurbani,1
iekMqI,"alone, one who loves solitude, the retired one, one who lives in seclusion from the root ਇਕ s  ""Ik"" numeral ""one"", 1",Gurbani,20
iekq,"the one, the only one, together as one, collect into one",Gurbani,3
jwJ,"goes, departs, does, happen, done, expressed",Gurbani,2
jwgnw,"to be awake, spiritually aware",Gurbani,2
jwnau,to know (jananaa ),Gurbani,8
jwiq,"caste, social status, species",Gurbani,4
jb,when,Gurbani,1
jl,water (mp - paanee),Gurbani,1
jm,"death, god of death",Gurbani,1
jMmsI,"will be born, will take birth",Gurbani,20
jnm,birth,Gurbani,1
jMjIr,chain,Gurbani,20
jMq,"being, creature",Gurbani,19
jp,"repeat Name, medidate, chant",Gurbani,1
jV,"1. root  2. without consciousness, senseless, inanimate",Gurbani,1
jau,if,Gurbani,7
jyqy,"as, just as",Gurbani,11
jIau,soul or life; respectful and affectionate appelation (Jee in MP),Gurbani,8
jIvq,"live, living",Gurbani,5
jogI,"yogi, one seeking union with God",Gurbani,16
join,"incarnation, life (in birth/life cycle); species (var- joon)",Gurbani,16
joiq,"light, spiritual light",Gurbani,16
kwFy,"1. removes, saves, liberates  2. is known",Gurbani,12
kwieAw,"body, self",Gurbani,4
kwl,"death, time",Gurbani,2
kwm,"lust, physical pleasures; work, endeaver",Gurbani,2
kwr,"task, affair",Gurbani,2
kwrj,"affair, task",Gurbani,2
kwt,"Cut, bite; section, wound; deduction; act of cutting; clash; dissection, cutting",Gurbani,2
kwty,"cuts, destroys, distances",Gurbani,12
kCU,"1. Something, anything, nothing  2. Tortoise, turtle.",Gurbani,9
kdy,"Whenever, ever, long ago, at any time",Gurbani,11
kdy,"never, will never, shall never",Gurbani,11
khxw,"describe, say, tell,",Gurbani,2
klw,"art, technique",Gurbani,2
klys,"agitation, grief, pain, agony, sorrow",Gurbani,11
kil,"yesterday, tomorrow",Gurbani,3
kilAwx,"1. salvation, emancipation, success, good fortune 2. welfare, happiness, joy, comfort  3. son of Rĝga Dīpaka 4. a trend of music",Gurbani,4
klml,"sinful, nastiness, wickedness, distress, corrupt",Gurbani,1
kmweI,"Earning, work, actions, deeds, performance, accomplishment",Gurbani,6
kml,lotus,Gurbani,1
krm,"action, past life actions (karma); law of cause and effect; grace",Gurbani,1
kry,to do; does,Gurbani,11
krih,to do (MP- karnaa),Gurbani,3
krnw,"To do, to act, to perform",Gurbani,2
krqw,creator,Gurbani,2
kQnI,"speech, chanting, saying",Gurbani,5
k,"""Kakah"" the sixth letter of Gurmukhi alphabet.",Gurbani,1
kIAw,action (MP - keeta),Gurbani,6
kImiq,"price, value",Gurbani,6
kIrqn,"singing praises, spiritual music, group chanting",Gurbani,5
Kwndwn,Family (dynasty),Gurbani,2
Ksm,"master, God",Gurbani,1
KoeI,"lost, forgotten, misplaced; wasted, exhausted, ruined; rid, removed",Gurbani,16
ikAw,what (MP - kee),Gurbani,4
koie,"Someone, anyone",Gurbani,16
kUp,"well, pit",Gurbani,9
koit,millions (lit. 10 million),Gurbani,16
lwg,to be attached (laagna),Gurbani,2
lYih,"take, receive, accept",Gurbani,14
lhin,"1. achieve, receive, take on 2. come off, go away to a distance",Gurbani,3
lyp,"1. plaster, coat, paste, spread, layer, anoint 2. ointment, balm 3. stigma, blemish, polluted, stained, opposite of ਅਲੇਪ s  ""alayp""",Gurbani,11
iliKAw,"written, destined (likhna- to write)",Gurbani,4
ilv,deep continuous love and absorption,Gurbani,3
loB,greed,Gurbani,15
mieAw,"Grace, blessing; merciful, kind; ingrained",Gurbani,4
mwxs,"Man, human being, person",Gurbani,2
mwr,kill,Gurbani,2
mwrY,"kills, destroys, captures, hits; for the sake of, because of",Gurbani,14
mwqw,mother,Gurbani,2
mwieAw,"material illusion, worldly entaglements, illusionary & transient",Gurbani,4
mYl,impurity,Gurbani,13
mhw,great,Gurbani,2
mhlw,"Identifies which Guru is author, neighborhood",Gurbani,2
mihmw,"glory, greatness, enormity, majestic, importance, grandeur, fame, praise, tribute",Gurbani,4
mMgl,"joy, happiness, delight, rejoice, auspiciousness, well-being, bliss, prosperity; Tuesday; the planet Mars;",Gurbani,19
mMgx,"ask, beg",Gurbani,19
mnorQ,"hope, desire",Gurbani,15
mir,die (marnaa - to die); janam maran = birth & death,Gurbani,3
mwrY,dies (marnaa - to die),Gurbani,14
mwrg,"way, path, road",Gurbani,2
msqk,"Forehead (MP mathaa)[one""s destiny is written on their forehead based on past karmas, before being incarnated]",Gurbani,1
myrw,"mine, my",Gurbani,12
mIq,dear friend,Gurbani,5
mITw,sweet (MP - mitha),Gurbani,6
mih,"in (postposition), within, inside",Gurbani,3
imhrvwn,"generous, compassionate",Gurbani,4
myl,union; (melnaa - to unite),Gurbani,11
imlwie,"help to meet, unite",Gurbani,4
imiq,measure (n),Gurbani,3
moh,"attachment, excessive unhealthy love; (mohnaa - to attract or fascinate)",Gurbani,15
moihAw,"to fascinate, attract (mohanaa)",Gurbani,16
mUl,"root, base, orginal, source; original investment, capital; principal; basic, original, fundamental, primary",Gurbani,9
mUrK,"fool, specifically someone who errs again and again but never learns",Gurbani,9
nwl,"1. with, near, accompany 2. tube, pipe",Gurbani,2
nwil,"with, near, accompany",Gurbani,4
nwly,"1. with, along with 2. riulets, drains",Gurbani,12
nym,"1. code, principle, rules, rehat 2. wall, fence, enclose",Gurbani,11
nwrI,"woman, wife",Gurbani,6
nwau,*see Naam,Gurbani,8
ndir,grace,Gurbani,3
nmskwr,"salutation, bow in humility, greeting, adoration",Gurbani,2
nr,"Man, mortal",Gurbani,1
nIkw,"1. good, beautiful, noble 2. pure, clean, pristine 3. food. 4. small",Gurbani,6
iniD,treasure,Gurbani,3
inh,"without, free from, not",Gurbani,3
inhPl,"fruitless, useless (fal (ਫਲ) is fruit; nih see above)",Gurbani,3
inkit,"near, close",Gurbani,3
inr,As a prefix acts like un- in English making the meaning opposite,Gurbani,3
inrBau,free from fear (nir-without bhau-fear),Gurbani,8
inrml,"pure (nir- without, mal=impurity)",Gurbani,3
inq,"daily - (MP - roz) (syn andin), always",Gurbani,3
aUcw,high,Gurbani,10
auDwry,to be liberated (udharnaa),Gurbani,12
aUjl,"bright, pure",Gurbani,9
aUND,"upside down, overturned, inverted, turned around",Gurbani,9
aupwv,"effort, way or solution",Gurbani,8
aUpir,"on, above",Gurbani,10
aupdys,"teachings, preaching",Gurbani,12
Et,support,Gurbani,1
aUTq,"while rising, standing; MP - uthnaa",Gurbani,9
pweIJ,obtain,Gurbani,6
pwp,"(paa:- to put, aap:- ones-self) an action against ones-self, misdeed, mistake, negative action that creates separation with the being from universality",Gurbani,2
pwr,"beyond, other shore",Gurbani,2
pwvih,obtain (paavna - to obtain),Gurbani,4
pCwxY,to recognize (pachhananaa),Gurbani,14
pCwxih,"realise, recognise, understand, acknowledge",Gurbani,4
pdwrQ,"wealth (material), treasure, blessing, thing, commodity, goods, provisions, riches, material object",Gurbani,2
pdwrQ,"substance, essence, treasure",Gurbani,2
pg,foot,Gurbani,1
pMc,five; select,Gurbani,19
prweI,"stranger, not one of us, belonging to someone else",Gurbani,6
prwqw,"attained, seized, clung; fall, lie, sink; gaze,",Gurbani,2
prm,supreme,Gurbani,1
proeI,"to string, to thread, to weave",Gurbani,16
prqwp,"victory, glory, splendour",Gurbani,2
prvwr,family,Gurbani,2
piq,honor,Gurbani,3
piqvMqw,"honorable, respectable, from ਪਤਿ,""Patt"" and ਵੰਤਾ ""vantaa""",Gurbani,20
piq,"1. lord, master, husband. 2. Honour, respect, reputation",Gurbani,3
pITw,"crushed, ground, pulses soaked in water and crushed on stone or in mortar",Gurbani,6
pyiK,see (pekhna - to see; MP dekhna),Gurbani,12
iPir,"again, then",Gurbani,3
ipAwry,"beloved, loved one (piar-love)",Gurbani,12
ipMf,body,Gurbani,20
ipqw,father,Gurbani,4
pUjw,"worship, prayer (Hindu traditional ceremony including offerings)",Gurbani,10
pUrn,"complete, perfect",Gurbani,9
prkwsæ,"light, radiance, illumination; clarity of vision, enlightenment, mental or spiritual awakening; opening ceremony of Guru Granth Sahib",Gurbani,2
rwg,"1. music, musical mode. 2. Love",Gurbani,2
rwKw,"Protector (rakhshaa - protection), caretaker",Gurbani,2
rwKis,1. keeps (feminine) 2. Demon,Gurbani,4
rwm,"(1) One who resides everywhere, God, all prevading Spirit; (2) Raam Chandar - Hindu deity.",Gurbani,2
rhwau,"Pause, command to pause in reflection of the previous line (marks chorus, or main theme line)",Gurbani,8
rihAw,"is, remains, stays, pervading, contained",Gurbani,4
rhq,"1. living, way of life 2. discipline 3. without 4. separate",Gurbani,1
rhy,"remain, stay, keep",Gurbani,11
rMg,"color, dye; love, to be dyed in the color of love for God",Gurbani,19
rsw,"see ""ras"", Juices",Gurbani,2
rswlI,"juicy, full of juice, house of nectar ,from ਰਸ s  ""raas"" juice",Gurbani,6
rsnw,"tongue, speech",Gurbani,2
rqw,"1. Dyed, absorbed, saturated  2. virtuous 3. tiny, minute",Gurbani,2
rqy,"steeped, absorbed",Gurbani,11
riv,permeating,Gurbani,3
irdY,"in/within your heart, deep within your consciousness",Gurbani,14
sw,"1. that, she, he, God",Gurbani,2
swFy,and a half,Gurbani,12
swgr,ocean,Gurbani,2
swihb,"Master, lord, term of respect",Gurbani,4
swjy,"fashions, creates",Gurbani,12
swrMgpwxI,"abode of the Lord; ""the holy lake""; from 2 roots - ਸਾਰੰਗ s  see ""sarang"" and ਪਾਣੀ s  ""paanee"" - water; lake",Gurbani,20
sws,breath,Gurbani,2
swsw,breath,Gurbani,2
swsq,"Religious text, scriptures, Shaastras, Hindu holy texts",Gurbani,2
swQy,"together, accompany, along",Gurbani,12
swQI,companion,Gurbani,6
swD,"saintly person,",Gurbani,2
sbd,"(sha-ego, bad-breaker) sacred verse, celestial sound vibration, science of uplifting consiousness through sacred primal sounds, similar to Naam; a single word; an entire hymn which can be put to music",Gurbani,1
sB,"all, Everything",Gurbani,1
sdw,Always,Gurbani,2
swDy,"arrange, control, achieve by some method",Gurbani,12
sgl,all,Gurbani,1
shxw,"endure, suffer, support",Gurbani,2
slwh,to praise,Gurbani,2
smweI,absorbed in,Gurbani,6
smwly,"cherish, take care of, remember",Gurbani,12
smrQ,"potent, capable, all powerful",Gurbani,1
sMgiq,"association, company, congregation",Gurbani,20
sMgI,companion,Gurbani,20
sMg,"with, close",Gurbani,19
sMq,"Saint, saintly person in tune with God, often used for Guru",Gurbani,19
srb,all,Gurbani,1
srn,"shelter, protection, sanctuary; sanctify (var. sharan, sarnaaee)",Gurbani,1
swrMg,"1. a musical melody, raag, pure with clarity; 2. peacock, crane, Indian cuckoo. 3. spotted deer 4. sword 5. elephant",Gurbani,20
srIr,"body, self",Gurbani,5
srIrw,"body, wisdom",Gurbani,6
saudwgrI,"trade, business",Gurbani,8
svwir,"to set right, decorate,",Gurbani,4
syqI,"with, by, infuse, together",Gurbani,12
sihj,"state of peace and balance, tranquility, spontaneous, naturally - with the flow, in tune with the Infinite",Gurbani,3
syj,bed; divine bed representing union between God and the soul bride,Gurbani,11
syvw,"selfless-service, devotional service, volunteer effort",Gurbani,12
isAwxp,"cleverness, wisdom, intellect",Gurbani,4
isAwxw,"wise, clever, intellectual, knowledgeable, mature, cunning, crafty",Gurbani,4
isPiq,"praise, glory",Gurbani,3
islk,"rope (round neck), noose, thread",Gurbani,3
ismir,"remember with love, hold in your heart, meditate *see simran",Gurbani,3
isMG,Lion,Gurbani,20
issit,"creation, Creator, universe, world",Gurbani,3
isau,"(pp) to, with (MP - noo)",Gurbani,8
soBw,glory,Gurbani,16
soeI,that one,Gurbani,16
sovq,sleeping (sovana - to sleep),Gurbani,15
qyj,"1. power, splendour, glory, victory  2. fire, passion, anger  3. speedy, swift, fast, sharp",Gurbani,11
qb,then,Gurbani,1
qwp,"1. heat, warmth, fever  2. affliction. 3. austerity",Gurbani,2
qrweI,"1. floated, saved, floated across safely 2. Foot hill, low land, a marsh, meadow",Gurbani,6
qwrY,"swim, be saved (tarnaa); taraana - to save, help to swim",Gurbani,14
qrIjY,"float it, get it across safely",Gurbani,14
qy,"1. that  2. from, by, upon, by means of, on account of, 3. and",Gurbani,11
qyrw,"your, yours",Gurbani,12
qyqy,"that is, that""s, they are",Gurbani,11
iqs,"1. from, which  2. He, she, it, that  3. Thirst, longing.",Gurbani,3
Qwip,"establish, install, fix, engage",Gurbani,4
TwFy,"1. stand, stands 2. cold, cool 3. quiet, tranquil",Gurbani,12
QwipAw,"impose, affect, effect",Gurbani,4
Taur,"Sanctuary, place of rest, support",Gurbani,7
Qok,"1. heap of anything like corn, material objects, anything. 2. wholesale",Gurbani,15
iqAwg,"abandon, give up, renounce, to give up maya; society, family, career etc.",Gurbani,4
iqlk,"Coranation, coloured, mark on the forehead.",Gurbani,3
qUtY,"breaks, wiped out, broken",Gurbani,14
audwsw,"without desire, detached, apart, dis-interested, neutral",Gurbani,8
aupwVI,"root out,",Gurbani,8
aupjY,"spring up, arise",Gurbani,14
auiT,"awake, arise, rise up, get up",Gurbani,8
auQwpnhwrw,"one who destroys, disestablishes, from ਉਥਾਪਨ s  ""uthaapan"" and the suffix ਹਾਰਾ s  ""haaraa"" one with the quality preceding; ਉਥਾਪਨ s  is itself from the the roots ਉ s  makes the opposite of the word following and ਥਾਪਨ s  which means establish",Gurbani,8
auqir,"1. descend, depart, come down, remove, drive out 2. North, opposite of which is ਦਖਣ s  ""dakhan"" South",Gurbani,8
auqrih,"depart, remove, cross over,",Gurbani,8
vwjy,"rings, resound, play as of music",Gurbani,12
vifAweI,"greatness, glory, distinction",Gurbani,6
vfBwgI,fortunate,Gurbani,6
vYr,enmity (var. bair); vairee or bairee - enemy,Gurbani,13
vix,in (within) forest/jungle/woods/trees,Gurbani,3
vrx,n. color or caste; v. to desribe,Gurbani,1
vrKY,"rains, pours",Gurbani,13
vswieAw,"to live, abide, be enshrined (vasnaa)",Gurbani,4
vsY,"live, abide",Gurbani,13
visAw,dwells,Gurbani,4
ivfwxI,"Unfamiliar, Wonderful marvellous, astonishing, other or another",Gurbani,6
ivjogw,"separation, disunion, loss, bereavement",Gurbani,16
ivkwr,"sins, evil",Gurbani,4
ivswr,forget; MP - bhulnaa,Gurbani,4
mYƒ,I,Punjabi,13
"sI,",was,Punjabi,5
leI,for,Punjabi,5
‘qy,on,Punjabi,11
hn,are,Punjabi,1
auh,they,Punjabi,7
ho,be,Punjabi,15
‘qy,at,Punjabi,11
ie`k,one,Punjabi,3
hY,have,Punjabi,13
q`k,from,Punjabi,1
ky,by,Punjabi,11
grm,hot,Punjabi,1
pr,but,Punjabi,1
hY,is,Punjabi,13
quhwƒ,you,Punjabi,8
j,or,Punjabi,1
"sI,",had,Punjabi,5
The,the,Punjabi,1
dy,of,Punjabi,11
ƒ,to,Punjabi,1
ie`k,a,Punjabi,3
iv`c,in,Punjabi,3
swƒ,we,Punjabi,2
bwhr,out,Punjabi,2
sn,were,Punjabi,1
krdy,do,Punjabi,11
Awpxy,their,Punjabi,12
vwr,time,Punjabi,2
jy,if,Punjabi,11
krygw,will,Punjabi,12
ikMny,how,Punjabi,20
ie`k,an,Punjabi,3
iqMn,three,Punjabi,20
cwhuMdy,want,Punjabi,20
hvw,air,Punjabi,2
Kyfx,play,Punjabi,11
pw,put,Punjabi,2
v¤fy,large,Punjabi,11
joV,spell,Punjabi,15
sæwiml,add,Punjabi,4
vI,even,Punjabi,5
ieQy,here,Punjabi,12
v¤fy,big,Punjabi,11
au`c,high,Punjabi,7
Aijhy,such,Punjabi,12
kMm,act,Punjabi,19
iesy,why,Punjabi,12
pu¤Co,ask,Punjabi,16
lok,men,Punjabi,15
qbdIlI,change,Punjabi,5
hlkw,light,Punjabi,2
idAwlU,kind,Punjabi,10
bMd,off,Punjabi,19
qsvIr,picture,Punjabi,5
jwnvr,animal,Punjabi,2
ibMdU,point,Punjabi,20
mwqw,mother,Punjabi,2
svY,self,Punjabi,13
nv,new,Punjabi,1
lY,take,Punjabi,13
pRwpq,get,Punjabi,2
sQwn,place,Punjabi,2
rihMdy,live,Punjabi,20
vwps,back,Punjabi,2
QoVw,little,Punjabi,16
isrP,only,Punjabi,3
dOr,round,Punjabi,17
pRdrsæn,show,Punjabi,1
cMgw,good,Punjabi,20
mYƒ,me,Punjabi,13
dyx,give,Punjabi,11
swfy,our,Punjabi,12
hyT,under,Punjabi,11
nwm,name,Punjabi,2
duAwrw,through,Punjabi,8
mhwn,great,Punjabi,2
socdy,think,Punjabi,16
Kojo,low,Punjabi,15
lweIn,line,Punjabi,6
vwrI,turn,Punjabi,6
kwrn,cause,Punjabi,2
A¤gy,before,Punjabi,11
mUv,move,Punjabi,9
purwxI,old,Punjabi,8
swry,all,Punjabi,12
au¤Qy,there,Punjabi,12
jd,when,Punjabi,1
Ap,up,Punjabi,1
vrqx,use,Punjabi,1
quhwfy,your,Punjabi,12
bwry,about,Punjabi,12
iPr,then,Punjabi,3
ƒ,them,Punjabi,1
sI,would,Punjabi,5
vrgy,like,Punjabi,11
ieh,these,Punjabi,3
lMby,long,Punjabi,20
kr,make,Punjabi,1
"vyKo,",see,Punjabi,16
hY,has,Punjabi,13
dyK,look,Punjabi,11
hor,more,Punjabi,15
jwx,go,Punjabi,2
Aw,come,Punjabi,2
Awvwjæ,sound,Punjabi,2
sB,most,Punjabi,1
lok,people,Punjabi,15
myry,my,Punjabi,11
v`D,over,Punjabi,1
v`D,than,Punjabi,1
pihlI,first,Punjabi,6
jo,who,Punjabi,15
fwaUn,down,Punjabi,10
pwsy,side,Punjabi,12
KVHy,stand,Punjabi,11
sPæw,page,Punjabi,2
pwieAw,found,Punjabi,4
vwDw,grow,Punjabi,2
is`Kx,learn,Punjabi,3
bUtw,plant,Punjabi,10
Bojn,food,Punjabi,15
r`Kx,keep,Punjabi,1
A`K,eye,Punjabi,1
ipCly,last,Punjabi,12
idau,let,Punjabi,8
soicAw,thought,Punjabi,16
pwr,cross,Punjabi,2
hwrf,hard,Punjabi,2
sæwied,might,Punjabi,4
khwxI,story,Punjabi,6
Awrw,saw,Punjabi,2
dUr,far,Punjabi,9
iK`cx,draw,Punjabi,3
dyr,late,Punjabi,11
rn,run,Punjabi,1
jdik,while,Punjabi,3
pRY`s,press,Punjabi,13
kuJ,few,Punjabi,7
au`qr,north,Punjabi,7
lY,carry,Punjabi,13
kmry,room,Punjabi,11
dosq,friend,Punjabi,15
m`CI,fish,Punjabi,5
phwV,mountain,Punjabi,2
rUko,stop,Punjabi,16
ADwr,base,Punjabi,2
suxdy,hear,Punjabi,12
GoVw,horse,Punjabi,16
k`t,cut,Punjabi,1
jwg,watch,Punjabi,2
mu`K,main,Punjabi,7
Ku`lHw,open,Punjabi,8
"ic¤ty,",white,Punjabi,12
b¤cy,children,Punjabi,11
sæurU,begin,Punjabi,10
imlI,got,Punjabi,6
qur,walk,Punjabi,7
audwhrn,example,Punjabi,8
sOKw,ease,Punjabi,18
pypr,paper,Punjabi,11
ijhVy,those,Punjabi,12
dono,both,Punjabi,15
insæwn,mark,Punjabi,4
Aksr,often,Punjabi,1
mIl,mile,Punjabi,5
ndI,river,Punjabi,5
pYr,feet,Punjabi,13
kwPæI,enough,Punjabi,6
smql,plain,Punjabi,1
Awm,usual,Punjabi,2
nOjvwn,young,Punjabi,18
iqAwr,ready,Punjabi,4
auprokq,above,Punjabi,16
kdy,ever,Punjabi,11
lwl,red,Punjabi,2
pr,though,Punjabi,1
pMCI,bird,Punjabi,20
ku¤qy,dog,Punjabi,12
is`DI,direct,Punjabi,6
pYdw,pose,Punjabi,14
gIq,song,Punjabi,5
mwp,measure,Punjabi,2
auqpwd,product,Punjabi,8
kwlw,black,Punjabi,2
Cotw,short,Punjabi,16
AMk,numeral,Punjabi,19
hvw,wind,Punjabi,2
jhwjæ,ship,Punjabi,2
A¤Dy,half,Punjabi,11
c`twn,rock,Punjabi,2
kRm,order,Punjabi,1
d`Kx,south,Punjabi,1
tukVy,piece,Punjabi,12
pws,pass,Punjabi,2
swrI,whole,Punjabi,6
ieMc,inch,Punjabi,20
guxw,multiply,Punjabi,8
rihx,stay,Punjabi,3
c`kr,wheel,Punjabi,1
pUry,full,Punjabi,12
Pors,force,Punjabi,15
nIlw,blue,Punjabi,6
iekweI,object,Punjabi,6
sqh,surface,Punjabi,1
fUMGy,deep,Punjabi,20
cMd,moon,Punjabi,19
pYr,foot,Punjabi,13
ivAsq,busy,Punjabi,3
iksæqI,boat,Punjabi,6
Awm,common,Punjabi,2
jhwjæ,plane,Punjabi,2
bYT,stead,Punjabi,13
Kusæk,dry,Punjabi,7
hYrwn,wonder,Punjabi,14
h`s,laugh,Punjabi,1
hjæwr,thousand,Punjabi,2
swl,ago,Punjabi,2
B`j,ran,Punjabi,1
sækl,shape,Punjabi,1
jiæ`lq,equate,Punjabi,3
grm,hot,Punjabi,1
ims,miss,Punjabi,3
twier,tire,Punjabi,4
ilAwaux,bring,Punjabi,8
jI,yes,Punjabi,5
dUr,distant,Punjabi,9
pUrb,east,Punjabi,9
ic`qrkwrI,paint,Punjabi,6
ksby,town,Punjabi,11
jurmwnw,fine,Punjabi,8
au`fdI,fly,Punjabi,8
if`g,fall,Punjabi,3
pukwr,cry,Punjabi,8
hnyry,dark,Punjabi,11
not,note,Punjabi,15
isqwrw,star,Punjabi,4
nwm,noun,Punjabi,2
Kyqr,field,Punjabi,11
Xog,able,Punjabi,15
syr,pound,Punjabi,11
smwpq,done,Punjabi,2
suMdrqw,beauty,Punjabi,20
swhmxy,front,Punjabi,12
PweInl,final,Punjabi,6
hry,green,Punjabi,11
Ehu,oh,Punjabi,7
qyjæ,quick,Punjabi,11
smuMdr,ocean,Punjabi,20
in`Gw,warm,Punjabi,4
muPæq,free,Punjabi,7
imMt,minute,Punjabi,20
mjæbUq,strong,Punjabi,9
ivsæysæ,special,Punjabi,12
mn,mind,Punjabi,1
ip¤Cy,behind,Punjabi,12
pUC,tail,Punjabi,9
auqpwdn,produce,Punjabi,8
spys,space,Punjabi,11
suixAw,heard,Punjabi,8
vDIAw,best,Punjabi,6
GMty,hour,Punjabi,20
ibhqr,better,Punjabi,3
sO,hundred,Punjabi,17
pMj,five,Punjabi,19
p`Cm,west,Punjabi,1
jæmIn,ground,Punjabi,5
ivAwj,interest,Punjabi,4
Pwst,fast,Punjabi,2
ikRAw,verb,Punjabi,4
Cy,six,Punjabi,11
Xwqrw,travel,Punjabi,2
G`t,less,Punjabi,1
ds,ten,Punjabi,1
sDwrn,simple,Punjabi,2
sÍr,vowel,Punjabi,1
v`l,toward,Punjabi,1
r`Kxgy,lay,Punjabi,11
pYtrn,pattern,Punjabi,13
hOlI,slow,Punjabi,18
kdr,center,Punjabi,1
ivKweI,appear,Punjabi,6
"nksæw,",map,Punjabi,2
rwj,govern,Punjabi,2
iK¤co,pull,Punjabi,16
TMfy,cold,Punjabi,20
aUrjw,energy,Punjabi,10
siækwr,hunt,Punjabi,4
sMBv,probable,Punjabi,19
mMjy,bed,Punjabi,20
AMfy,egg,Punjabi,20
sPær,ride,Punjabi,1
sY`l,cell,Punjabi,13
sæwied,perhaps,Punjabi,4
cu`kx,pick,Punjabi,7
Acwnk,sudden,Punjabi,2
igxo,count,Punjabi,16
vrg,square,Punjabi,1
lMbweI,length,Punjabi,20
klw,art,Punjabi,2
ivsæy,subject,Punjabi,12
vsx,settle,Punjabi,1
AweIs,ice,Punjabi,6
c`kr,circle,Punjabi,1
joVw,pair,Punjabi,16
pwVw,divide,Punjabi,2
ishwrI,syllable,Punjabi,6
sæwndwr,grand,Punjabi,2
bwl,ball,Punjabi,2
lihr,wave,Punjabi,3
fROp,drop,Punjabi,17
am,am,Punjabi,1
mOjUd,present,Punjabi,18
BwrI,heavy,Punjabi,6
nwc,dance,Punjabi,2
siQqI,position,Punjabi,6
Awrm,arm,Punjabi,2
cOVw,wide,Punjabi,18
jhwjæ,sail,Punjabi,2
sm`grI,material,Punjabi,5
"bwg,",fraction,Punjabi,2
jMgl,forest,Punjabi,19
bYT,sit,Punjabi,13
stor,store,Punjabi,15
swbq,prove,Punjabi,2
ieko,lone,Punjabi,16
l`q,leg,Punjabi,1
ksrq,exercise,Punjabi,1
kMD,wall,Punjabi,19
kYc,catch,Punjabi,13
mwaUt,mount,Punjabi,10
Asmwn,sky,Punjabi,2
borf,board,Punjabi,15
srdI,winter,Punjabi,5
iliKAw,written,Punjabi,4
jMglI,wild,Punjabi,20
swDn,instrument,Punjabi,2
r`iKAw,kept,Punjabi,4
glws,glass,Punjabi,2
Gwh,grass,Punjabi,2
gaU,cow,Punjabi,9
iknwry,edge,Punjabi,12
ipCly,past,Punjabi,12
swPt,soft,Punjabi,2
mjæydwr,fun,Punjabi,12
cmkdwr,bright,Punjabi,2
gYs,gas,Punjabi,13
l`K,million,Punjabi,1
r`Kxw,bear,Punjabi,2
Kusæ,happy,Punjabi,7
Pu`l,flower,Punjabi,7
sjwvygw,clothe,Punjabi,12
AjIb,strange,Punjabi,5
cu`kw,gone,Punjabi,8
vpwr,trade,Punjabi,2
Bjn,melody,Punjabi,1
pRwpq,receive,Punjabi,2
kqwr,row,Punjabi,2
shI,exact,Punjabi,5
pRqIk,symbol,Punjabi,5
mr,die,Punjabi,1
G`t,least,Punjabi,1
dyvyqy,shout,Punjabi,11
bIj,seed,Punjabi,5
ton,tone,Punjabi,15
suJwA,suggest,Punjabi,8
bRyk,break,Punjabi,11
AOrq,lady,Punjabi,17
Xwrf,yard,Punjabi,2
vD,rise,Punjabi,1
burw,bad,Punjabi,8
au`ifAw,blow,Punjabi,8
PIsdI,cent,Punjabi,5
imks,mix,Punjabi,3
qwr,wire,Punjabi,2
lwgq,cost,Punjabi,2
BUrw,brown,Punjabi,10
pihnx,wear,Punjabi,3
bwg,garden,Punjabi,2
brwbr,equal,Punjabi,2
if`g,fell,Punjabi,3
iP`t,fit,Punjabi,3
vihxw,flow,Punjabi,4
mylw,fair,Punjabi,12
bk,bank,Punjabi,1
dsæmlv,decimal,Punjabi,1
kMn,ear,Punjabi,19
kwPæI,quite,Punjabi,6
qoV,broke,Punjabi,15
m`D,middle,Punjabi,1
JIl,lake,Punjabi,5
pl,moment,Punjabi,1
pYmwny,scale,Punjabi,14
au`cI,loud,Punjabi,8
bsMq,spring,Punjabi,19
is`Dw,straight,Punjabi,4
kosæ,dictionary,Punjabi,15
du`D,milk,Punjabi,7
AMg,organ,Punjabi,19
AnuBwg,section,Punjabi,8
pihrwvw,dress,Punjabi,4
hYrwnI,surprise,Punjabi,14
cu`p,quiet,Punjabi,7
Coty,tiny,Punjabi,16
cVHnw,climb,Punjabi,2
TMfw,cool,Punjabi,20
ifjæwien,design,Punjabi,4
grIb,poor,Punjabi,5
qjrby,experiment,Punjabi,11
ql,bottom,Punjabi,1
lohy,iron,Punjabi,16
ie`kly,single,Punjabi,12
sit`k,stick,Punjabi,3
PlYt,flat,Punjabi,13
vIh,twenty,Punjabi,5
muskwn,smile,Punjabi,8
kRIjæ,crease,Punjabi,5
morI,hole,Punjabi,16
Cwl,jump,Punjabi,2
A`T,eight,Punjabi,1
rUt,root,Punjabi,9
KrIdx,buy,Punjabi,5
cu`kx,raise,Punjabi,7
mYtl,metal,Punjabi,13
kI,whether,Punjabi,5
D`kw,push,Punjabi,2
s`q,seven,Punjabi,1
pYrw,paragraph,Punjabi,14
"qIjw,",third,Punjabi,6
dyxgy,shall,Punjabi,11
cwr,held,Punjabi,2
vwl,hair,Punjabi,2
ku`k,cook,Punjabi,7
mMjiæl,floor,Punjabi,20
koeI,either,Punjabi,16
nqIjw,result,Punjabi,6
phwVI,hill,Punjabi,6
sur`iKAq,safe,Punjabi,8
ib`lI,cat,Punjabi,6
sdI,century,Punjabi,5
ib`t,bit,Punjabi,3
qt,coast,Punjabi,1
kwpI,copy,Punjabi,6
vwkMsæ,phrase,Punjabi,20
cu`p,silent,Punjabi,7
lMbw,tall,Punjabi,20
ryq,sand,Punjabi,11
im`tI,soil,Punjabi,6
rol,roll,Punjabi,15
iPMgr,finger,Punjabi,20
lVweI,fight,Punjabi,6
JUT,lie,Punjabi,9
hrwieAw,beat,Punjabi,4
auqswihq,excite,Punjabi,8
kudrqI,natural,Punjabi,8
Jlk,view,Punjabi,1
Bwvnw,sense,Punjabi,2
kursI,chair,Punjabi,8
Kæqrw,danger,Punjabi,2
AmIr,rich,Punjabi,5
motI,thick,Punjabi,16
ispwhI,soldier,Punjabi,6
AiBAws,practice,Punjabi,4
v`Kry,separate,Punjabi,11
ikRpw,please,Punjabi,4
dupihr,noon,Punjabi,8
AwDuink,modern,Punjabi,8
q`q,element,Punjabi,1
ih`t,hit,Punjabi,3
kony,corner,Punjabi,16
l`Bx,locate,Punjabi,1
irMg,ring,Punjabi,20
kIVy,insect,Punjabi,12
PiVAw,caught,Punjabi,4
ryfIE,radio,Punjabi,12
g`l,spoke,Punjabi,1
AYtm,atom,Punjabi,13
mnu`KI,human,Punjabi,8
h`fI,bone,Punjabi,5
ryl,rail,Punjabi,11
muh`eIAw,provide,Punjabi,8
sihmq,agree,Punjabi,3
koml,gentle,Punjabi,15
kpqwn,captain,Punjabi,2
guess,guess,Punjabi,7
iq`KI,sharp,Punjabi,6
ivMg,wing,Punjabi,20
nyVlw,neighbor,Punjabi,12
Dox,wash,Punjabi,15
b¤lybwjæI,bat,Punjabi,12
BIV,crowd,Punjabi,5
mkeI,corn,Punjabi,5
kivqw,poem,Punjabi,4
sqr,string,Punjabi,1
GMtI,bell,Punjabi,20
inrBr,depend,Punjabi,3
mIt,meat,Punjabi,5
itaUb,tube,Punjabi,10
msæhUr,famous,Punjabi,9
strIm,stream,Punjabi,5
njær,sight,Punjabi,1
pqly,thin,Punjabi,11
iqkox,triangle,Punjabi,16
gRih,planet,Punjabi,3
bsqI,colony,Punjabi,5
tweI,tie,Punjabi,6
"idE,",enter,Punjabi,3
mu`K,major,Punjabi,7
qwjæw,fresh,Punjabi,2
Byjx,send,Punjabi,11
pIly,yellow,Punjabi,12
bMdUk,gun,Punjabi,20
ipRMt,print,Punjabi,20
mry,dead,Punjabi,11
spwt,spot,Punjabi,2
mwrUQl,desert,Punjabi,10
muk`dmy,suit,Punjabi,12
mOjUdw,current,Punjabi,18
ilPt,lift,Punjabi,3
au`iTAw,rose,Punjabi,8
phuMcdy,arrive,Punjabi,20
mwstr,master,Punjabi,2
trYk,track,Punjabi,13
mwqw,parent,Punjabi,2
kMFy,shore,Punjabi,20
vMf,division,Punjabi,19
sæIt,sheet,Punjabi,5
pdwrQ,substance,Punjabi,2
post,post,Punjabi,15
Krc,spend,Punjabi,1
koirjæ,chord,Punjabi,16
crbI,fat,Punjabi,5
Kusæ,glad,Punjabi,7
AslI,original,Punjabi,5
sæyAr,share,Punjabi,11
stysæn,station,Punjabi,11
fYfI,dad,Punjabi,14
cwrj,charge,Punjabi,2
shI,proper,Punjabi,5
isgimMt,segment,Punjabi,20
bqKæ,duck,Punjabi,1
qurMq,instant,Punjabi,20
iqAwr,populate,Punjabi,4
mtrI,chick,Punjabi,5
ipAwry,dear,Punjabi,12
dusæmx,enemy,Punjabi,7
jvwb,reply,Punjabi,2
Aw,occur,Punjabi,2
BwPæ,steam,Punjabi,2
mosæn,motion,Punjabi,15
qrl,liquid,Punjabi,1
smr`Qw,quotient,Punjabi,2
dMd,teeth,Punjabi,19
sæY`l,shell,Punjabi,13
grdn,neck,Punjabi,1
AwksIjn,oxygen,Punjabi,6
KMf,sugar,Punjabi,19
prYtI,pretty,Punjabi,14
hunr,skill,Punjabi,7
mihlw,women,Punjabi,4
sIjæn,season,Punjabi,5
cuMbk,magnet,Punjabi,20
islvr,silver,Punjabi,3
DMnvwd,thank,Punjabi,20
sæwKw,branch,Punjabi,2
mYc,match,Punjabi,13
ipCyqr,suffix,Punjabi,12
AMjIr,fig,Punjabi,20
fr,afraid,Punjabi,1
v¤fy,huge,Punjabi,11
stIl,steel,Punjabi,5
A¤gy,forward,Punjabi,11
iesy,similar,Punjabi,12
skor,score,Punjabi,15
syb,apple,Punjabi,11
KrIdI,bought,Punjabi,5
ip`c,pitch,Punjabi,3
kot,coat,Punjabi,15
jnqk,mass,Punjabi,1
kwrf,card,Punjabi,2
pihrydwr,band,Punjabi,12
r`sI,rope,Punjabi,5
isl`p,slip,Punjabi,3
ij`q,win,Punjabi,3
supny,dream,Punjabi,12
hwlq,condition,Punjabi,2
ku`l,total,Punjabi,7
buinAwdI,basic,Punjabi,8
gMD,smell,Punjabi,19
GwtI,valley,Punjabi,6
fbl,double,Punjabi,1
sIt,seat,Punjabi,5
blwk,block,Punjabi,2
cwrt,chart,Punjabi,2
topI,hat,Punjabi,16
vycx,sell,Punjabi,11
GtwE,subtract,Punjabi,2
Gtnw,event,Punjabi,2
Kws,particular,Punjabi,2
sOdw,deal,Punjabi,18
qYrwkI,swim,Punjabi,14
ju`qI,shoe,Punjabi,8
moFy,shoulder,Punjabi,16
PYlx,spread,Punjabi,13
fyry,camp,Punjabi,11
kwF,invent,Punjabi,2
kpwh,cotton,Punjabi,2
jnm,born,Punjabi,1
kvwtr,quart,Punjabi,2
nO,nine,Punjabi,17
tr`k,truck,Punjabi,1
rOlw,noise,Punjabi,18
mOkw,chance,Punjabi,18
iek`Tw,gather,Punjabi,4
dukwn,shop,Punjabi,8
su`t,throw,Punjabi,7
cwnx,shine,Punjabi,2
kwlm,column,Punjabi,2
AxU,molecule,Punjabi,9
slytI,gray,Punjabi,12
duhrwau,repeat,Punjabi,8
ivAwpk,broad,Punjabi,4
lUx,salt,Punjabi,9
n`k,nose,Punjabi,1
bhuvcn,plural,Punjabi,7
dwAvw,claim,Punjabi,2
mhwdIp,continent,Punjabi,6
