nwm,ਨਾਮ,"Name, God Consciousness, Divine Presence",Gurbani,2
rhwau,ਰਹਾੳੁ,"Pause, (marks chorus, or main theme line)",Gurbani,8
mhlw,ਮਹਲਾ,"Identifies which Guru is author, neighborhood",Gurbani,2
rwm,ਰਾਮ,"God, All pervading Divine Spirit",Gurbani,2
gurmuK,ਗੁਰਮੁਖ,In tune with the Guru,Gurbani,7
pRB,ਪ੍ਰਭ,"Beloved, Master",Gurbani,1
sdw,ਸਦਾ,Always,Gurbani,2
siqgur,ਸਤਿਗੁਰ,"True or Perfect Guru, God",Gurbani,8
jIau,ਜੀੳੁ,soul or life; respectful and affectionate apelation (Jee in MP),Gurbani,8
ibnu,ਬਿਨੁ,without,Gurbani,8
jn,ਜਨ,"(devoted) servant, slave",Gurbani,1
sB,ਸਭ,all,Gurbani,1
mih,ਮਹਿ,"in (preposition), within",Gurbani,3
scu,ਸਚੁ,"true, eternal",Gurbani,7
ko,ਕੋ,"to (pp - noo in MP), any or which (koee in MP)",Gurbani,15
sbid,ਸਬਦਿ,"Word, Naam",Gurbani,3
suK,ਸੁਖ,"happiness, peace",Gurbani,7
miweAw,ਮਾਿੲਅਾ,"worldly entanglements, illusionary & transient",Gurbani,4
sMg,ਸੰਗ,"with, close",Gurbani,19
hau,ਹੳੁ,I or me (pronoun),Gurbani,7
prswd,ਪਰਸਾਦ,"grace, kindness, mercy",Gurbani,2
soeI,ਸੋੲੀ,that one,Gurbani,16
ikrpw,ਕਿਰਪਾ,"kindness, mercy",Gurbani,4
sMq,ਸੰਤ,"saintly person in tune with God, often used for Guru",Gurbani,19
AMqr,ਅੰਤਰ,"within, in (MP - vich)",Gurbani,19
Bgq,ਭਗਤ,"devotee of God, saintly person",Gurbani,1
isau,ਸਿੳੁ,"(pp) to, with (MP - noo)",Gurbani,8
ikAw,ਕਿਅਾ,what (MP - kee),Gurbani,4
sgl,ਸਗਲ,all,Gurbani,1
haumY,ਹਉਮੈ,"ego, pride, sense of I (separate from God & creation or from others)",Gurbani,14
pweIAY,ਪਾੲੀਅੈ,obtain,Gurbani,14
hy,ਹੇ,O (form of address),Gurbani,11
Gr,ਘਰ,home,Gurbani,1
Sbd,ਸ਼ਬਦ,"Word, Gurbani, Naam",Gurbani,1
iml,ਮਿਲ,meet,Gurbani,3
hm,ਹਮ,"We, I",Gurbani,1
khu,ਕਹੁ,"says, say  (kehna - to say)",Gurbani,7
duK,ਦੁਖ,"sorrow, suffering",Gurbani,7
AwvY,ਆਵੈ,"comes (aanaa, aavnaa - to come)",Gurbani,14
BweI,ਭਾੲੀ,"brother, friend (used as address)",Gurbani,6
suAwmI,ਸੁਆਮੀ,"Master, Lord, Husband; (syn - thakur) (MP- maalik)",Gurbani,8
Awsw,ਆਸਾ,"hope, desire",Gurbani,2
srb,ਸਰਬ,all,Gurbani,1
qn,ਤਨ,body,Gurbani,1
nit,nit,daily - (MP - roz) (syn andin),Gurbani,3
BwvY,ਭਾਵੈ,"to ge pleasing, appeal to",Gurbani,14
pweIAY,ਪਾੲੀਅੈ,obtain,Gurbani,14
Bey,ਭੲੇ,become,Gurbani,11
pUrn,ਪੂਰਨ,"complete, perfect",Gurbani,9
rs,ਰਸ,"delicious taste, enjoyment, spiritual rapture",Gurbani,1
ilv,ਲਿਵ,deep continuous love and absorption,Gurbani,3
iPr,ਫਿਰ,again,Gurbani,3
syvw,ਸੇਵਾ,service,Gurbani,12
jnm,ਜਨਮ,birth,Gurbani,1
jIA,ਜੀਅ,"living being, tongue, soul",Gurbani,5
bwxI,ਬਾਣੀ,"speech, Word",Gurbani,6
shij,ਸਹਜਿ,"state of peace and balance, tranquility, spontaneous, naturally - with the flow, in tune with the Infinite",Gurbani,3
nwau,ਨਾਉ,"Naam, name",Gurbani,8
eyk,ਏਕ,one (MP - ik),Gurbani,11
krih,ਕਰਹਿ,karnaa - to do,Gurbani,3
AwieAw,ਆਇਆ,aanaa - to come,Gurbani,4
krm,ਕਰਮ,"grace, action",Gurbani,1
rMg,ਰੰਗ,"dye, love",Gurbani,19
Anidnu,ਅਨਦਿਨੁ,daily,Gurbani,8
crn,ਚਰਨ,"feet - symbolizes devotion, humility",Gurbani,1
Amirq,ਅਮਰਿਤ,"nectar, immortality",Gurbani,3
duK,ਦੁਖ,"suffering, unhappiness",Gurbani,7
swD,ਸਾਧ,"saintly person,",Gurbani,2
kIAw,ਕੀਆ,"action, (MP - keeta)",Gurbani,6
krqw,ਕਰਤਾ,creator,Gurbani,2
p@Iq,ਪੑੀਤ,love,Gurbani,5
Avru,ਅਵਰੁ,other,Gurbani,7
Bwie,ਭਾਇ,pleases; will; love (doojaa bhaai - duality),Gurbani,4
vsY,ਵਸੈ,"live, abide",Gurbani,13
ivc,ਵਿਚ,"in, within",Gurbani,3
mq,ਮਤ,"wisdom, not",Gurbani,1
ipAwry,ਪਿਅਾਰੇ,beloved,Gurbani,12
purK,ਪੁਰਖ,"person, being, God",Gurbani,7
jm,ਜਮ,"death, messenger of death",Gurbani,1
vifAweI,ਵਡਿਆਈ,"greatness, glory",Gurbani,6
koਁt,ਕੋਁਟ,millions (lit. 10 million),Gurbani,15
mhw,ਮਹਾ,great,Gurbani,2
joq,ਜੋਤ,light,Gurbani,15
ihrdY,ਹਿਰਦੈ,"(in the) heart, mind (MP - dil) abbrev: ridai",Gurbani,14
inrml,ਨਿਰਮਲ,pure (mal=impurity),Gurbani,3
BY,ਭੈ,fear ; syn - bhau,Gurbani,13
ndr,ਨਦਰ,grace,Gurbani,1
dUjw,ਦੂਜਾ,"second, other, duality",Gurbani,10
pq,ਪਤ,honor,Gurbani,1
gurmq,ਗੁਰਮਤ,"the Guru""s teaching, wisdom",Gurbani,7
muK,ਮੁਖ,"mouth, face, word",Gurbani,7
bl,ਬਲ,"strenght, power; sacrifice (balihaaree)",Gurbani,1
Bau,ਭਉ,fear (bhaao - love),Gurbani,7
Bgq,ਭਗਤ,"devotee of God, saintly person",Gurbani,1
dwqw,ਦਾਤਾ,"giver,",Gurbani,2
gq,ਗਤ,"state, emancipation",Gurbani,1
dws,ਦਾਸ,"(devoted) servant, slave",Gurbani,2
dieAwl,ਦਇਆਲ,"kind, generous",Gurbani,4
mnmuK,ਮਨਮੁਖ,"self-willed, (opp. of Gurmukh)",Gurbani,7
sq,ਸਤ,truth,Gurbani,1
ibD,ਬਿਧ,"Method, way",Gurbani,3
smwie,ਸਮਾਇ,absorbed in,Gurbani,4
jg,ਜਗ,world,Gurbani,1
dr,ਦਰ,"door, portal",Gurbani,1
Agm,ਅਗਮ,incomprehensible (attribute of God); unapproachable,Gurbani,1
hukm,ਹੁਕਮ,"command, will",Gurbani,7
kml,ਕਮਲ,lotus,Gurbani,1
Twkur,ਠਾਕੁਰ,Master,Gurbani,8
jb,ਜਬ,when,Gurbani,1
icq,ਚਿਤ,"mind, heart",Gurbani,3
ieh,ਇਹ,this,Gurbani,3
dwn,ਦਾਨ,"charity, gift",Gurbani,2
ibK,ਬਿਖ,"poison, sin",Gurbani,3
Dn,ਧਨ,wealth; blessed; wife or woman,Gurbani,1
myl,ਮੇਲ,union; melnaa - to unite,Gurbani,11
drigh,ਦਰਗਿਹ,court,Gurbani,3
igAwn,ਗਿਆਨ,"knowledge, realization",Gurbani,4
mrY,ਮਰੈ,dies (marnaa - to die),Gurbani,13
rqy,ਰਤੇ,"steeped, absorbed",Gurbani,11
idn,ਦਿਨ,day,Gurbani,3
Aq,ਅਤ,very,Gurbani,1
ismr,ਸਿਮਰ,"remember with love, hold in your heart, meditate",Gurbani,3
Adr,ਅਦਰ,"in, within",Gurbani,1
moh,ਮੋਹ,"attachment, excessive unhealthy love; mohnaa - to attract or fascinate",Gurbani,15
inD,ਨਿਧ,treasure,Gurbani,3
swDsgq,ਸਾਧਸਗਤ,holy company,Gurbani,2
iliKAw,ਲਿਖਿਆ,"written, destined (likhna- to write)",Gurbani,4
mr,ਮਰ,marnaa - to die; janam maran = birth & death,Gurbani,1
dIn,ਦੀਨ,"poor, humble; religion, spiritual world",Gurbani,5
js,ਜਸ,glory,Gurbani,1
iDAwieAw,ਧਿਆਇਆ,"meditate on, remember, repeat name",Gurbani,4
Gt,ਘਟ,"vessel, heart, being",Gurbani,1
jau,ਜਉ,if,Gurbani,7
pMc,ਪੰਚ,"five, select",Gurbani,19
goibd,ਗੋਬਿਦ,"God (var - Govind, Govinda)",Gurbani,16
pwp,ਪਾਪ,sin,Gurbani,2
pwr,ਪਾਰ,"beyond, other shore",Gurbani,2
swihb,ਸਾਹਿਬ,"Master, lord, term of respect",Gurbani,4
dieAw,ਦਇਆ,mercy,Gurbani,4
khw,ਕਹਾ,where,Gurbani,2
mwr,ਮਾਰ,kill,Gurbani,2
rsnw,ਰਸਨਾ,"tongue, speech",Gurbani,2
Dur,ਧੁਰ,"destined, primal",Gurbani,7
BI,ਭੀ,also (MP: vee),Gurbani,5
Bau,ਭਉ,love,Gurbani,7
qb,ਤਬ,then,Gurbani,1
pwrb´hm,ਪਾਰਬੵਹਮ,"God, Transcendental Reality",Gurbani,2
ipr,ਪਿਰ,Divine Spouse,Gurbani,3
inDwn,ਨਿਧਾਨ,treasure,Gurbani,4
Cof,ਛੋਡ,"abandon, leave",Gurbani,15
sgq,ਸਗਤ,"association, company",Gurbani,1
vfBwgI,ਵਡਭਾਗੀ,fortunate,Gurbani,6
qq,ਤਤ,sublime essence,Gurbani,1
prm,ਪਰਮ,supreme,Gurbani,1
kImq,ਕੀਮਤ,"price, value",Gurbani,5
bwhr,ਬਾਹਰ,"outside, besides",Gurbani,2
iqsnw,ਤਿਸਨਾ,"thirst, desire",Gurbani,4
kwm,ਕਾਮ,"lust, physical pleasures",Gurbani,2
drsn,ਦਰਸਨ,"vision, experience of being in Presence",Gurbani,1
jl,ਜਲ,water (mp - paanee),Gurbani,1
pwivh,ਪਾਵਿਹ,paavna - to obtain,Gurbani,4
msqk,ਮਸਤਕ,Forehead (MP mathaa),Gurbani,1
Brm,ਭਰਮ,"doubt, confusion",Gurbani,1
kwieAw,ਕਾਇਆ,"body, self",Gurbani,4
prIqm,ਪਰੀਤਮ,beloved,Gurbani,5
mYl,ਮੈਲ,impurity,Gurbani,13
visAw,ਵਸਿਆ,dwells,Gurbani,4
prym,ਪਰੇਮ,love,Gurbani,11
Agn,ਅਗਨ,fire,Gurbani,1
Drm,ਧਰਮ,"righteous actions, duty, religion",Gurbani,1
b´rm,ਬੵਰਮ,Absolute Lord,Gurbani,1
dIAw,ਦੀਆ,gave,Gurbani,6
bhuq,ਬਹੁਤ,"much, lots, very",Gurbani,7
Pl,ਫਲ,fruit,Gurbani,1
aUpr,ਊਪਰ,"on, above",Gurbani,9
inrBau,ਨਿਰਭਉ,free from fear,Gurbani,8
igAwnI,ਗਿਆਨੀ,"wise, knowledgable",Gurbani,6
Ar,ਅਰ,and,Gurbani,1
jq,ਜਤ,"being, creature",Gurbani,1
kwr,ਕਾਰ,"task, affair",Gurbani,2
nr,ਨਰ,"Man, mortal",Gurbani,1
soBw,ਸੋਭਾ,glory,Gurbani,16
mwn,ਮਾਨ,"pride, honor",Gurbani,2
byd,ਬੇਦ,Vedas (hindu scripture),Gurbani,11
iKn,ਖਿਨ,"moment, instant",Gurbani,3
prwn,ਪਰਾਨ,"life, breath",Gurbani,2
jl,ਜਲ,water,Gurbani,1
ipqw,ਪਿਤਾ,father,Gurbani,4
jgq,ਜਗਤ,world,Gurbani,1
bDn,ਬਧਨ,"bonds, fetters",Gurbani,1
jogI,ਜੋਗੀ,"yogi, one seeking union with God",Gurbani,16
mIq,ਮੀਤ,dear friend,Gurbani,5
rv,ਰਵ,permeating,Gurbani,1
Aq,ਅਤ,"end, limit",Gurbani,1
kwl,ਕਾਲ,"death, time",Gurbani,2
kvn,ਕਵਨ,which,Gurbani,1
rqn,ਰਤਨ,gem,Gurbani,1
kUV,ਕੂੜ,false,Gurbani,9
jg,ਜਗ,world,Gurbani,1
sswr,ਸਸਾਰ,world,Gurbani,2
AMqrjwmI,ਅੰਤਰਜਾਮੀ,"Knower of deepest thoughts (God), Inner Guide",Gurbani,20
durmq,ਦੁਰਮਤ,evil mindedness,Gurbani,7
imlwey,ਮਿਲਾਏ,"help to meet, unite",Gurbani,12
swgr,ਸਾਗਰ,ocean,Gurbani,2
prwpq,ਪਰਾਪਤ,"possess, obtain",Gurbani,2
jwq,ਜਾਤ,"caste, social status, species",Gurbani,2
kroD,ਕਰੋਧ,"anger, wrath",Gurbani,15
AwT,ਆਠ,eight,Gurbani,2
gopwl,ਗੋਪਾਲ,"God, cherisher of the world",Gurbani,16
Et,ਓਟ,support,Gurbani,1
pUjw,ਪੂਜਾ,worship,Gurbani,10
Ardws,ਅਰਦਾਸ,prayer,Gurbani,2
DUV,ਧੂੜ,dust,Gurbani,9
pCwxY,ਪਛਾਣੈ,(pachhananaa) to recognize,Gurbani,14
iqAwg,ਤਿਆਗ,"abandon, give up, renounce",Gurbani,4
ipMfu,ਪਿੰਡੁ,body,Gurbani,20
mITw,ਮੀਠਾ,sweet (MP - mitha),Gurbani,6
Blw,ਭਲਾ,good,Gurbani,2
mUrK,ਮੂਰਖ,fool,Gurbani,9
inrMjn,ਨਿਰੰਜਨ,"God, The One unsullied by Maya or pollution",Gurbani,20
pyK,ਪੇਖ,pekhna - to see (syn. dekhna),Gurbani,11
kul,ਕੁਲ,"clan, ancestory",Gurbani,7
mwqw,ਮਾਤਾ,mother,Gurbani,2
sirst,ਸਰਿਸਟ,"creation, universe",Gurbani,3
suq,ਸੁਤ,"son, child",Gurbani,7
inkt,ਨਿਕਟ,"near, close",Gurbani,3
hmwrw,ਹਮਾਰਾ,"Our, my",Gurbani,2
aUcw,ਊਚਾ,high,Gurbani,10
Bwg,ਭਾਗ,"bhaagna - to run away; bhaag - fortune, destiny",Gurbani,2
qrY,ਤਰੈ,"tarnaa -swim, be saved; taraana - to save, help to swim",Gurbani,13
icMqw,ਚਿੰਤਾ,worry (MP - fikar) (achintaa - free from worry),Gurbani,20
nwrI,ਨਾਰੀ,"woman, wife",Gurbani,6
klw,ਕਲਾ,"art, technique",Gurbani,2
loB,ਲੋਭ,greed,Gurbani,15
smrQ,ਸਮਰਥ,"potent, capable",Gurbani,1
Ksm,ਖਸਮ,"master, God",Gurbani,1
imq,ਮਿਤ,measure (n),Gurbani,3
syj,ਸੇਜ,bed; divine bed representing union between God and the soul bride,Gurbani,11
pg,ਪਗ,foot,Gurbani,1
bwwq,ਬਾਾਤ,"story, issue, conversation (syn. Gal)",Gurbani,2
BMfwru,ਭੰਡਾਰੁ,"warehouse, treasure",Gurbani,20
kwrj,ਕਾਰਜ,"affair, task",Gurbani,2
BrpUr,ਭਰਪੂਰ,completely full,Gurbani,9
aupdys,ਉਪਦੇਸ,"teachings, preaching",Gurbani,12
grB,ਗਰਭ,womb,Gurbani,1
srIr,ਸਰੀਰ,"body, self",Gurbani,5
ibAMqu,ਬਿਅੰਤੁ,infinite; without an end,Gurbani,20
ibDwqw,ਬਿਧਾਤਾ,"architect of destiny, God",Gurbani,4
mnorQ,ਮਨੋਰਥ,"hope, desire",Gurbani,15
Avgun,ਅਵਗੁਨ,"sin, weakness",Gurbani,7
is,ਸਿ,"praise, glory",Gurbani,3
BMjnu,ਭੰਜਨੁ,destroyer,Gurbani,20
bynqI,ਬੇਨਤੀ,"prayer, request",Gurbani,12
jor,ਜੋਰ,"power, to join (jorna)",Gurbani,15
inrMkwru,ਨਿਰੰਕਾਰੁ,"The Formless One, God",Gurbani,20
prgws,ਪਰਗਾਸ,"Light, enlightenment",Gurbani,2
ivkwr,ਵਿਕਾਰ,"sins, evil",Gurbani,4
auDwry,ਉਧਾਰੇ,udharnaa - to be liberated,Gurbani,12
visAw,ਵਸਿਆ,"vasnaa - to live, abide, be enshrined",Gurbani,4
pdwrQ,ਪਦਾਰਥ,"substance, essence, treasure",Gurbani,2
Bwr,ਭਾਰ,"full, overflowing",Gurbani,2
aupwv,ਉਪਾਵ,"effort, way or solution",Gurbani,8
vwjY,ਵਾਜੈ,"rings, play as of music",Gurbani,14
Taur,ਠਉਰ,"Sanctuary, place of rest, support",Gurbani,7
sMgI,ਸੰਗੀ,companion,Gurbani,20
AwigAw,ਆਗਿਆ,"command, direction",Gurbani,4
aUjl,ਊਜਲ,"bright, pure",Gurbani,9
smwlY,ਸਮਾਲੈ,"cherish, take care of, remember",Gurbani,14
jp,ਜਪ,"repeat Name, medidate",Gurbani,1
sws,ਸਾਸ,breath,Gurbani,2
moihAw,ਮੋਹਿਆ,"mohanaa- to fascinate, attract",Gurbani,16
ivswr,ਵਿਸਾਰ,forget; MP - bhulnaa,Gurbani,4
inrgux,ਨਿਰਗੁਣ,without any merit; absolute and unmanifested (God),Gurbani,8
prweI,ਪਰਾਈ,"stranger, not one of us, belonging to someone else",Gurbani,6
isAwnp,ਸਿਆਨਪ,"cleverness, wisdom",Gurbani,4
kurbwn,ਕੁਰਬਾਨ,sacrifice,Gurbani,8
cwnn,ਚਾਨਨ,light,Gurbani,2
Dwvq,ਧਾਵਤ,running (dhaavnaa - to run),Gurbani,2
pRiqpwl,ਪ੍ਰਤਿਪਾਲ,"cherish, take care of (pratipalak - cherisher)",Gurbani,4
svwr,ਸਵਾਰ,"to set right, decorate,",Gurbani,2
ADwr,ਅਧਾਰ,support,Gurbani,2
bUJY,ਬੂਝੈ,(v) understands,Gurbani,14
ibgsY,ਬਿਗਸੈ,"blooms forth, joyous, radiant",Gurbani,14
jwnO,ਜਾਨੌ,jananaa - to know,Gurbani,18
rwKw,ਰਾਖਾ,"Protector (rakhshaa - protection), caretaker",Gurbani,2
srn,ਸਰਨ,"shelter, protection (var. sharan, sarnaaee)",Gurbani,1
rho,ਰਹੋ,"stay, remain",Gurbani,15
cqur,ਚਤੁਰ,"clever, intelligent",Gurbani,7
Gnyry,ਘਨੇਰੇ,"lots, great",Gurbani,11
swjy,ਸਾਜੇ,"fashions, creates",Gurbani,12
drd,ਦਰਦ,"Pain, suffering",Gurbani,1
aUTq,ਊਠਤ,"while rising, standing; MP - uthnaa",Gurbani,9
bRhmMf,ਬ੍ਰਹਮੰਡ,universe,Gurbani,19
AprwDI,ਅਪਰਾਧੀ,"sinner, guilty",Gurbani,6
gl,ਗਲ,"thing, talk",Gurbani,1
sovq,ਸੋਵਤ,sleeping; sovana - to sleep,Gurbani,15
kIrqn,ਕੀਰਤਨ,"singing praises, spiritual music",Gurbani,5
grIb,ਗਰੀਬ,"poor, humble",Gurbani,5
Awtl,ਆਟਲ,eternal,Gurbani,2
isAwnw,ਸਿਆਨਾ,wise,Gurbani,4
sumq,ਸੁਮਤ,sublime wisdom,Gurbani,7
mwgY,ਮਾਗੈ,asks,Gurbani,14
vrn,ਵਰਨ,n. color or caste; v. to desribe,Gurbani,1
Brvwsw,ਭਰਵਾਸਾ,"trust, confidence. Var - bharosaa",Gurbani,2
dys,ਦੇਸ,"abode, country, land",Gurbani,11
nmskwr,ਨਮਸਕਾਰ,"salutation, bow in humility",Gurbani,2
nIkw,ਨੀਕਾ,"good, sublime",Gurbani,6
Ahkwr,ਅਹਕਾਰ,"pride, ego",Gurbani,2
myhrvwn,ਮੇਹਰਵਾਨ,"generous, compassionate",Gurbani,12
swQI,ਸਾਥੀ,companion,Gurbani,6
vYr,ਵੈਰ,enmity (var. bair); vairee or bairee - enemy,Gurbani,13
AwigAwkwrI,ਆਗਿਆਕਾਰੀ,obedient,Gurbani,6
lwg,ਲਾਗ,(laagna) -to be attached,Gurbani,2
prvwr,ਪਰਵਾਰ,family,Gurbani,2
svwry,ਸਵਾਰੇ,improve,Gurbani,12
dlwl,ਦਲਾਲ,"kind, generous",Gurbani,2
slwh,ਸਲਾਹ,to praise,Gurbani,2
jwgnw,ਜਾਗਨਾ,"to be awake, spiritually aware",Gurbani,2
smrQ,ਸਮਰਥ,"potent, capable",Gurbani,1
Aj,ਅਜ,Today,Punjabi,1
kt,ਕਟ,Cut,Punjabi,1
Cq,ਛਤ,Roof,Punjabi,1
Ql,ਥਲ,Dry land,Punjabi,1
Ag,ਅਗ,Fire,Punjabi,1
kd,ਕਦ,Height,Punjabi,1
Ck,ਛਕ,Eat,Punjabi,1
ds,ਦਸ,"Ten, Tell",Punjabi,1
AK,ਅਖ,Eye,Punjabi,1
Kp,ਖਪ,Noise,Punjabi,1
Cl,ਛਲ,Cheating,Punjabi,1
Dr,ਧਰ,Put,Punjabi,1
sc,ਸਚ,Truth,Punjabi,1
Kt,ਖਟ,Earn,Punjabi,1
jl,ਜਲ,Water,Punjabi,1
Dk,ਧਕ,Push,Punjabi,1
sB,ਸਭ,All,Punjabi,1
Kl,ਖਲ,Skin,Punjabi,1
jg,ਜਗ,Jug,Punjabi,1
nk,ਨਕ,Nose,Punjabi,1
hQ,ਹਥ,Hand,Punjabi,1
gl,ਗਲ,Neck,Punjabi,1
jt,ਜਟ,Farmer,Punjabi,1
nt,ਨਟ,Nut,Punjabi,1
hs,ਹਸ,Laugh,Punjabi,1
gT,ਗਠ,Knot,Punjabi,1
Jg,ਝਗ,Bubbles,Punjabi,1
pk,ਪਕ,Ripe,Punjabi,1
hk,ਹਕ,Right,Punjabi,1
Gr,ਘਰ,House,Punjabi,1
tb,ਟਬ,Tub,Punjabi,1
pg,ਪਗ,Dastar,Punjabi,1
hl,ਹਲ,Plough,Punjabi,1
Gl,ਘਲ,Send,Punjabi,1
tp,ਟਪ,Jump,Punjabi,1
pr,ਪਰ,But,Punjabi,1
hV,ਹੜ,Flood,Punjabi,1
Gt,ਘਟ,Less,Punjabi,1
Tg,ਠਗ,Thug,Punjabi,1
Pl,ਫਲ,Fruit,Punjabi,1
kl,ਕਲ,Yesterday,Punjabi,1
cl,ਚਲ,Move,Punjabi,1
qk,ਤਕ,See,Punjabi,1
PV,ਫੜ,Hold,Punjabi,1
kp,ਕਪ,Cup,Punjabi,1
cb,ਚਬ,Chew,Punjabi,1
qn,ਤਨ,Body,Punjabi,1
bs,ਬਸ,Bus,Punjabi,1
kj,ਕਜ,Cover,Punjabi,1
cK,ਚਖ,Taste,Punjabi,1
Qk,ਥਕ,Tired,Punjabi,1
bl,ਬਲ,Power,Punjabi,1
AKr,ਅਖਰ,Word,Punjabi,1
kxk,ਕਣਕ,Wheat,Punjabi,1
JgV,ਝਗੜ,Quarrel,Punjabi,1
nrk,ਨਰਕ,Hell,Punjabi,1
ArQ,ਅਰਥ,Meaning,Punjabi,1
Kdr,ਖਦਰ,Cloth,Punjabi,1
JVp,ਝੜਪ,Argument,Punjabi,1
nrm,ਨਰਮ,Soft,Punjabi,1
sPr,ਸਫਰ,Journey,Punjabi,1
Krc,ਖਰਚ,Spend,Punjabi,1
JKV,ਝਖੜ,Storm,Punjabi,1
bld,ਬਲਦ,Bull,Punjabi,1
sVk,ਸੜਕ,Road,Punjabi,1
grm,ਗਰਮ,Hot,Punjabi,1
tkr,ਟਕਰ,Collision,Punjabi,1
br&,ਬਰਫ਼,Ice,Punjabi,1
sbk,ਸਬਕ,Lesson,Punjabi,1
cmk,ਚਮਕ,Shine,Punjabi,1
Fkx,ਢਕਣ,Lid,Punjabi,1
mtr,ਮਟਰ,Peas,Punjabi,1
kmr,ਕਮਰ,Back,Punjabi,1
cpl,ਚਪਲ,Sandle,Punjabi,1
drd,ਦਰਦ,Pain,Punjabi,1
Sbd,ਸ਼ਬਦ,Word,Punjabi,1
kml,ਕਮਲ,Lotus,Punjabi,1
cqr,ਚਤਰ,Clever,Punjabi,1
Drm,ਧਰਮ,Religion,Punjabi,1
Srq,ਸ਼ਰਤ,Conditional,Punjabi,1
klm,ਕਲਮ,Pen,Punjabi,1
jnm,ਜਨਮ,Birth,Punjabi,1
nkl,ਨਕਲ,Copy,Punjabi,1
^br,ਖ਼ਬਰ,News,Punjabi,1
Adrk,ਅਦਰਕ,Ginger,Punjabi,1
grdn,ਗਰਦਨ,Neck,Punjabi,1
dsKq,ਦਸਖਤ,Signature,Punjabi,1
brqn,ਬਰਤਨ,Utensils,Punjabi,1
hrkq,ਹਰਕਤ,Movement,Punjabi,1
glgl,ਗਲਗਲ,Grapefruit,Punjabi,1
drjn,ਦਰਜਨ,Dozen,Punjabi,1
mqlb,ਮਤਲਬ,Meaning,Punjabi,1
hrmn,ਹਰਮਨ,Famous,Punjabi,1
gVbV,ਗੜਬੜ,Mess up,Punjabi,1
d&qr,ਦਫ਼ਤਰ,Office,Punjabi,1
m^ml,ਮਖ਼ਮਲ,Velvet,Punjabi,1
ksrq,ਕਸਰਤ,Exercise,Punjabi,1
Jtpt,ਝਟਪਟ,Instant,Punjabi,1
n&rq,ਨਫ਼ਰਤ,Hate,Punjabi,1
Srbq,ਸ਼ਰਬਤ,Syrup,Punjabi,1
KsKs,ਖਸਖਸ,Poppy Seed,Punjabi,1
Qrms,ਥਰਮਸ,Thermos,Punjabi,1
prbq,ਪਰਬਤ,Mountain,Punjabi,1
Slgm,ਸ਼ਲਗਮ,Turnip,Punjabi,1
Awsw,ਆਸਾ,Hope,Punjabi,2
kwlw,ਕਾਲਾ,Black,Punjabi,2
qwzw,ਤਾਜ਼ਾ,Fresh,Punjabi,2
mwqw,ਮਾਤਾ,Mother,Punjabi,2
Awtw,ਆਟਾ,Flour,Punjabi,2
kwkw,ਕਾਕਾ,Child,Punjabi,2
qwlw,ਤਾਲਾ,Lock,Punjabi,2
Bwrw,ਭਾਰਾ,Heavy,Punjabi,2
Awrw,ਆਰਾ,Saw,Punjabi,2
cwcw,ਚਾਚਾ,Uncle,Punjabi,2
dwdw,ਦਾਦਾ,"Dad""s Father",Punjabi,2
mwmw,ਮਾਮਾ,"Mum""s Brother",Punjabi,2
swrw,ਸਾਰਾ,Everything,Punjabi,2
jwlw,ਜਾਲਾ,Web,Punjabi,2
Dwgw,ਧਾਗਾ,Thread,Punjabi,2
rwjw,ਰਾਜਾ,King,Punjabi,2
hwsw,ਹਾਸਾ,Laugh,Punjabi,2
qwrw,ਤਾਰਾ,Star,Punjabi,2
nwnw,ਨਾਨਾ,"Mum""s Father",Punjabi,2
vwjw,ਵਾਜਾ,Harmonium,Punjabi,2
sw&,ਸਾਫ਼,Clean,Punjabi,2
Cwl,ਛਾਲ,Jump,Punjabi,2
qwp,ਤਾਪ,Temperature,Punjabi,2
Xwd,ਯਾਦ,Remember,Punjabi,2
hwr,ਹਾਰ,Necklace,Punjabi,2
jwl,ਜਾਲ,Net,Punjabi,2
Qwl,ਥਾਲ,Plate,Punjabi,2
Xwr,ਯਾਰ,Friend,Punjabi,2
Gwh,ਘਾਹ,Grass,Punjabi,2
Fwl,ਢਾਲ,Shield,Punjabi,2
nwl,ਨਾਲ,Beside,Punjabi,2
rwz,ਰਾਜ਼,Secret,Punjabi,2
cwr,ਚਾਰ,Four,Punjabi,2
qwr,ਤਾਰ,Wire,Punjabi,2
bwl,ਬਾਲ,Child,Punjabi,2
lwl,ਲਾਲ,Red,Punjabi,2
cwh,ਚਾਹ,Tea,Punjabi,2
qwl,ਤਾਲ,Rhythm,Punjabi,2
bwg,ਬਾਗ,Garden,Punjabi,2
vwl,ਵਾਲ,Hair,Punjabi,2
sdw,ਸਦਾ,Always,Punjabi,2
ktw,ਕਟਾ,Cut,Punjabi,2
clw,ਚਲਾ,Drive,Punjabi,2
PVw,ਫੜਾ,Give,Punjabi,2
szw,ਸਜ਼ਾ,Punishment,Punjabi,2
kVw,ਕੜਾ,Iron Bracelet,Punjabi,2
jlw,ਜਲਾ,Burn,Punjabi,2
bxw,ਬਣਾ,Make,Punjabi,2
hvw,ਹਵਾ,Air,Punjabi,2
Krw,ਖਰਾ,Pure,Punjabi,2
QVw,ਥੜਾ,Step,Punjabi,2
Brw,ਭਰਾ,Brother,Punjabi,2
hrw,ਹਰਾ,Green,Punjabi,2
glw,ਗਲਾ,Throat,Punjabi,2
pqw,ਪਤਾ,Address,Punjabi,2
rlw,ਰਲਾ,Mix,Punjabi,2
hlw,ਹਲਾ,Move,Punjabi,2
GVw,ਘੜਾ,Pot,Punjabi,2
plw,ਪਲਾ,Give Drink,Punjabi,2
vjw,ਵਜਾ,Play,Punjabi,2
Awdr,ਆਦਰ,Respect,Punjabi,2
cwdr,ਚਾਦਰ,Sheet,Punjabi,2
dwvq,ਦਾਵਤ,Banquet,Punjabi,2
bwlk,ਬਾਲਕ,Child,Punjabi,2
swbx,ਸਾਬਣ,Soap,Punjabi,2
cwvl,ਚਾਵਲ,Rice,Punjabi,2
pwlk,ਪਾਲਕ,Spinach,Punjabi,2
bwhr,ਬਾਹਰ,Outside,Punjabi,2
kwZj,ਕਾਗ਼ਜ,Paper,Punjabi,2
cwnx,ਚਾਨਣ,Light,Punjabi,2
pwrk,ਪਾਰਕ,Park,Punjabi,2
mwlk,ਮਾਲਕ,Boss,Punjabi,2
gwjr,ਗਾਜਰ,Carrot,Punjabi,2
cwbk,ਚਾਬਕ,Whip,Punjabi,2
Pwtk,ਫਾਟਕ,Gate,Punjabi,2
mwrc,ਮਾਰਚ,March,Punjabi,2
Anwr,ਅਨਾਰ,Pomegranate,Punjabi,2
slwh,ਸਲਾਹ,Advice,Punjabi,2
glws,ਗਲਾਸ,Glass,Punjabi,2
plwt,ਪਲਾਟ,Plot,Punjabi,2
Arwm ,ਅਰਾਮ ,Rest,Punjabi,2
kpwh,ਕਪਾਹ,Cotton,Punjabi,2
clwk,ਚਲਾਕ,Clever,Punjabi,2
mkwn,ਮਕਾਨ,House,Punjabi,2
svwl ,ਸਵਾਲ ,Question,Punjabi,2
knwq,ਕਨਾਤ,Tent,Punjabi,2
prwq,ਪਰਾਤ,Big Bowl,Punjabi,2
^rwb,ਖ਼ਰਾਬ,Bad,Punjabi,2
hjwr,ਹਜਾਰ,Thousand,Punjabi,2
klws,ਕਲਾਸ,Class,Punjabi,2
dvwq,ਦਵਾਤ,Ink Pot,Punjabi,2
^rwS,ਖ਼ਰਾਸ਼,Itchiness,Punjabi,2
ssqw,ਸਸਤਾ,Cheap,Punjabi,2
gqkw,ਗਤਕਾ,Gatka,Punjabi,2
qblw,ਤਬਲਾ,Tabla,Punjabi,2
bsqw,ਬਸਤਾ,Bag,Punjabi,2
hlkw,ਹਲਕਾ,Light,Punjabi,2
gmlw,ਗਮਲਾ,Pot,Punjabi,2
nlkw,ਨਲਕਾ,Water Pump,Punjabi,2
Brnw,ਭਰਨਾ,Fill,Punjabi,2
kmrw,ਕਮਰਾ,Room,Punjabi,2
cmcw,ਚਮਚਾ,Spoon,Punjabi,2
prdw,ਪਰਦਾ,Curtain,Punjabi,2
mlnw,ਮਲਨਾ,Rub,Punjabi,2
kpVw,ਕਪੜਾ,Cloth,Punjabi,2
JgVw,ਝਗੜਾ,Fight,Punjabi,2
pqlw,ਪਤਲਾ,Thin,Punjabi,2
rsqw,ਰਸਤਾ,Way,Punjabi,2
Ardws,ਅਰਦਾਸ,Ardas,Punjabi,2
smwcwr,ਸਮਾਚਾਰ,News,Punjabi,2
qlvwr,ਤਲਵਾਰ,Sword,Punjabi,2
pkvwn,ਪਕਵਾਨ,Foods,Punjabi,2
A^bwr,ਅਖ਼ਬਾਰ,Newspaper,Punjabi,2
hvwlwq,ਹਵਾਲਾਤ,Prison,Punjabi,2
Qkwvt,ਥਕਾਵਟ,Tired,Punjabi,2
pwTSwlw,ਪਾਠਸ਼ਾਲਾ,School,Punjabi,2
Anwnws,ਅਨਾਨਾਸ,Pineapple,Punjabi,2
tmwtr,ਟਮਾਟਰ,Tomato,Punjabi,2
dsqwr,ਦਸਤਾਰ,Dastar,Punjabi,2
mwstr,ਮਾਸਟਰ,Teacher,Punjabi,2
srkwr,ਸਰਕਾਰ,Government,Punjabi,2
fwktr,ਡਾਕਟਰ,Doctor,Punjabi,2
drbwr,ਦਰਬਾਰ,Darbar,Punjabi,2
rPqwr,ਰਫਤਾਰ,Speed,Punjabi,2
srdwr,ਸਰਦਾਰ,Sardar,Punjabi,2
qrKwx,ਤਰਖਾਣ,Carpenter,Punjabi,2
prvwr,ਪਰਵਾਰ,Family,Punjabi,2
v&wdwr,ਵਫ਼ਾਦਾਰ,Loyal,Punjabi,2
iek,ਇਕ,One,Punjabi,3
ihrn,ਹਿਰਨ,Deer,Punjabi,3
igx,ਗਿਣ,Count,Punjabi,3
idl,ਦਿਲ,Heart,Punjabi,3
iet,ਇਟ,Brick,Punjabi,3
ihlw,ਹਿਲਾ,Shake,Punjabi,4
icr,ਚਿਰ,Long time,Punjabi,3
ipqw,ਪਿਤਾ,Father,Punjabi,4
isr,ਸਿਰ,Head,Punjabi,3
ikqwb,ਕਿਤਾਬ,Book,Punjabi,4
idn,ਦਿਨ,Day,Punjabi,3
imrc,ਮਿਰਚ,Chilli,Punjabi,3
sItI,ਸੀਟੀ,Whistle,Punjabi,5
gIlw,ਗੀਲਾ,Wet,Punjabi,6
nIlw,ਨੀਲਾ,Blue,Punjabi,6
meI,ਮਈ,May,Punjabi,5
kIVI,ਕੀੜੀ,Ant,Punjabi,5
qIr,ਤੀਰ,Arrow,Punjabi,5
pIxw,ਪੀਣਾ,Drink,Punjabi,6
mwsI,ਮਾਸੀ,"Mum""s Sister",Punjabi,6
KIrw,ਖੀਰਾ,Cucumber,Punjabi,6
dhI,ਦਹੀ,Yogurt,Punjabi,5
pIlw,ਪੀਲਾ,Yellow,Punjabi,6
vIr,ਵੀਰ,Brother,Punjabi,5
isrw,ਸਿਰਾ,An End,Punjabi,4
sIrw,ਸੀਰਾ,Syrup,Punjabi,6
ipqw,ਪਿਤਾ,Father,Punjabi,4
pIqw,ਪੀਤਾ,Drink,Punjabi,6
ihlw,ਹਿਲਾ,Shake,Punjabi,4
hIlw,ਹੀਲਾ,Way Out,Punjabi,6
iplw,ਪਿਲਾ,Give Water,Punjabi,4
pIlw,ਪੀਲਾ,Yellow,Punjabi,6
icr,ਚਿਰ,So Long,Punjabi,3
cIr,ਚੀਰ,Sawn,Punjabi,5
iBV,ਭਿੜ,Quarell,Punjabi,3
BIV,ਭੀੜ,Crowd,Punjabi,5
iql,ਤਿਲ,Seed,Punjabi,3
qIl,ਤੀਲ,Match Stick,Punjabi,5
iml,ਮਿਲ,Mill,Punjabi,3
mIl,ਮੀਲ,Mile,Punjabi,5
auT,ਉਠ,Stand,Punjabi,7
kursI,ਕੁਰਸੀ,Chair,Punjabi,8
ju`qI,ਜੁੱਤੀ,Shoe,Punjabi,8
puC,ਪੁਛ,Ask,Punjabi,7
sux,ਸੁਣ,Listen,Punjabi,7
gu`sw,ਗੁੱਸਾ,Angry,Punjabi,8
tutI,ਟੁਟੀ,Broken,Punjabi,8
pul,ਪੁਲ,Bridge,Punjabi,7
hux,ਹੁਣ,Now,Punjabi,7
gulwb,ਗੁਲਾਬ,Rose,Punjabi,8
quhwfw,ਤੁਹਾਡਾ,Yours,Punjabi,8
rumwl,ਰੁਮਾਲ,Handkerchief,Punjabi,8
aUT,ਊਠ,Camel,Punjabi,9
sUrj,ਸੂਰਜ,Sun,Punjabi,9
cwkU,ਚਾਕੂ,Knife,Punjabi,10
BUAw,ਭੂਆ,Aunt,Punjabi,10
sUeI,ਸੂਈ,Needle,Punjabi,10
gaU,ਗਊ,Cow,Punjabi,9
tUtI,ਟੂਟੀ,Tap,Punjabi,10
BUrw,ਭੂਰਾ,Brown,Punjabi,10
sUr,ਸੂਰ,Pig,Punjabi,9
gurU,ਗੁਰੂ,Guru,Punjabi,10
pUC,ਪੂਛ,Tail,Punjabi,9
mUlI,ਮੂਲੀ,Radish,Punjabi,10
auT,ਉਠ,Stand,Punjabi,7
aUT,ਊਠ,Camel,Punjabi,9
puC,ਪੁਛ,Ask,Punjabi,7
pUC,ਪੂਛ,Tail,Punjabi,9
sut,ਸੁਟ,Throw,Punjabi,7
sUt,ਸੂਟ,Suit,Punjabi,9
puI,ਪੁ੍ੜੀ,Small Pack,Punjabi,8
pUVI,ਪੂੜੀ,Fried Roti,Punjabi,10
sur,ਸੁਰ,Tune,Punjabi,7
sUr,ਸੂਰ,Pig,Punjabi,9
Bur,ਭੁਰ,Crumble,Punjabi,7
BUr,ਭੂਰ,Drizzle,Punjabi,9
tutI,ਟੁਟੀ,Broken,Punjabi,8
tUtI,ਟੂਟੀ,Tap,Punjabi,10
BurI,ਭੁਰੀ,Crumble,Punjabi,8
BUrI,ਭੂਰੀ,Brown,Punjabi,10
syb,ਸੇਬ,Apple,Punjabi,11
svyrw,ਸਵੇਰਾ,Morning,Punjabi,12
jyb,ਜੇਬ,Pocket,Punjabi,11
nyVy,ਨੇੜੇ,Near,Punjabi,11
swfy,ਸਾਡੇ,Ours,Punjabi,12
kylw,ਕੇਲਾ,Banana,Punjabi,12
qyl,ਤੇਲ,Oil,Punjabi,11
mylw,ਮੇਲਾ,Fair,Punjabi,12
syvw,ਸੇਵਾ,Charity,Punjabi,12
CyqI,ਛੇਤੀ,Quick,Punjabi,12
dyr,ਦੇਰ,Late,Punjabi,11
ryl,ਰੇਲ,Train,Punjabi,11
AYqvwr,ਐਤਵਾਰ,Sunday,Punjabi,14
svYtr,ਸਵੈਟਰ,Pullover,Punjabi,13
pYsy,ਪੈਸੇ,Money,Punjabi,14
bYl,ਬੈਲ,Ox,Punjabi,13
AYnk,ਐਨਕ,Glasses,Punjabi,13
kYmrw,ਕੈਮਰਾ,Camera,Punjabi,14
pYdl,ਪੈਦਲ,On Foot,Punjabi,13
BYx,ਭੈਣ,Sister,Punjabi,13
sYr,ਸੈਰ,Walk,Punjabi,13
QYlw,ਥੈਲਾ,Bag,Punjabi,14
pYr,ਪੈਰ,Feet,Punjabi,13
mYlw,ਮੈਲਾ,Dirty,Punjabi,14
byl,ਬੇਲ,Bail,Punjabi,11
bYl,ਬੈਲ,Ox,Punjabi,13
myl,ਮੇਲ,Meet,Punjabi,11
mYl,ਮੈਲ,Dirt,Punjabi,13
myc,ਮੇਚ,Fitting,Punjabi,11
mYc,ਮੈਚ,Match,Punjabi,13
vyr,ਵੇਰ,Once,Punjabi,11
vYr,ਵੈਰ,Enemity,Punjabi,13
soPw,ਸੋਫਾ,Sofa,Punjabi,16
gol,ਗੋਲ,Round,Punjabi,15
joVy,ਜੋੜੇ,Shoes,Punjabi,16
qoqw,ਤੋਤਾ,Parrot,Punjabi,16
kol,ਕੋਲ,Near,Punjabi,15
Gol,ਘੋਲ,Wrestling,Punjabi,15
TofI,ਠੋਡੀ,Chin,Punjabi,16
do,ਦੋ,Two,Punjabi,15
Koqw,ਖੋਤਾ,Donkey,Punjabi,16
cor,ਚੋਰ,Thief,Punjabi,15
Fol,ਢੋਲ,Drum,Punjabi,15
Doxw,ਧੋਣਾ,Wash,Punjabi,16
AOKw,ਔਖਾ,Hard,Punjabi,18
sOKw,ਸੌਖਾ,Easy,Punjabi,18
kOlI,ਕੌਲੀ,Dish,Punjabi,18
nOkr,ਨੌਕਰ,Servant,Punjabi,17
AOrq,ਔਰਤ,Woman,Punjabi,17
hOlI,ਹੌਲੀ,Slow,Punjabi,18
kOVI,ਕੌੜੀ,Bitter,Punjabi,18
pOVI,ਪੌੜੀ,Ladder,Punjabi,18
sO,ਸੌ,Hundred,Punjabi,17
kOr,ਕੌਰ,Kaur,Punjabi,17
dOV,ਦੌੜ,Race,Punjabi,17
POjI,ਫੌਜੀ,Soldier,Punjabi,18
so,ਸੋ,So,Punjabi,15
sO,ਸੌ,Hundred,Punjabi,17
corI,ਚੋਰੀ,Theft,Punjabi,16
cOrI,ਚੌਰੀ,Chourrie,Punjabi,18
kol,ਕੋਲ,Near,Punjabi,15
kOl,ਕੌਲ,Promise,Punjabi,17
Dox,ਧੋਣ,Wash,Punjabi,15
DOx,ਧੌਣ,Neck,Punjabi,17
Gol,ਘੋਲ,Wrestling,Punjabi,15
GOl,ਘੌਲ,Mix,Punjabi,17
Bor,ਭੋਰ,Crumble,Punjabi,15
BOr,ਭੌਰ,Bumble Bee,Punjabi,17
AwigAw,ਆਗਿਆ,"permission, command, direction",Gurbani,4
AwigAwkwrI,ਆਗਿਆਕਾਰੀ,obedient,Gurbani,6
AwieAw,ਆਇਆ,to come (aanaa),Gurbani,4
Awls,ਆਲਸ,"lazy, idle, slow, indolent, slothful, lethargic",Gurbani,2
Awsw,ਆਸਾ,"hope, desire",Gurbani,2
AsQwin,ਅਸਥਾਨਿ,place of; settlement of,Gurbani,4
AwT,ਆਠ,eight,Gurbani,2
AwvY,ਆਵੈ,"comes (aanaa, aavnaa - to come)",Gurbani,14
Acrj,ਅਚਰਜ,"Amazing, astonishing, wonderful, marvellous, strange",Gurbani,1
AGwie,ਅਘਾਇ,"Quenched, fulfilled, satisfied, contented",Gurbani,4
ADwr,ਅਧਾਰ,support,Gurbani,2
Agm,ਅਗਮ,incomprehensible (attribute of God); unapproachable,Gurbani,1
Agin,ਅਗਨਿ,fire,Gurbani,3
AigAwnI,ਅਗਿਆਨੀ,"one without knowledge, illiterate, rustic, ignorant, foolish, thoughtless",Gurbani,6
AhMkwr,ਅਹੰਕਾਰ,"pride, ego",Gurbani,20
Alyp,ਅਲੇਪ,"clean, pure, untouched, untainted, opposite of ਲੇਪ s  ""layp""",Gurbani,11
Anwid,ਅਨਾਦਿ,without the root/soul/vibration;,Gurbani,4
And,ਅਨਦ,"Joy, happy, delight, bliss",Gurbani,1
AMcil,ਅੰਚਲਿ,support of a scarf or hem of skirt/dress/shirt or edge of garment,Gurbani,20
AMD,ਅੰਧ,"blind, dark",Gurbani,19
AMdr,ਅੰਦਰ,"in, within",Gurbani,19
Aink,ਅਨਿਕ,many (var. anek),Gurbani,3
AMiq,ਅੰਤਿ,"end, limit",Gurbani,20
AMqr,ਅੰਤਰ,"within, in (MP - vich)",Gurbani,19
AMqrjwmI,ਅੰਤਰਜਾਮੀ,"Knower of deepest thoughts (God), Inner Guide, Inner knower, searcher of hearts (Antar-inner Jaami-knower)",Gurbani,20
ApiV,ਅਪੜਿ,"Reach, equal, compare, approach",Gurbani,3
AprwD,ਅਪਰਾਧ,"Sin, blemish, fault, crime, offence, transgression.",Gurbani,2
AprwDI,ਅਪਰਾਧੀ,"sinner, guilty",Gurbani,6
Ardwis,ਅਰਦਾਸਿ,"prayer, supplication",Gurbani,4
Aiq,ਅਤਿ,very,Gurbani,3
Atl,ਅਟਲ,eternal,Gurbani,1
Avgn,ਅਵਗਨ,"sin, weakness",Gurbani,1
bwhir,ਬਾਹਰਿ,"outside, besides",Gurbani,4
bWCih,ਬਾਂਛਹਿ,to ask; to desire;,Gurbani,22
bwix,ਬਾਣਿ,"1. Gurbani, Hymn, Sound, 2. arrow 3. morning",Gurbani,4
bwxI,ਬਾਣੀ,"speech, Word, Holy word, Science of sacred vibration",Gurbani,6
bwirk,ਬਾਰਿਕ,child,Gurbani,4
bwq,ਬਾਤ,"story, issue, conversation (syn. Gal)",Gurbani,2
bl,ਬਲ,"strength, power; sacrifice (balihaaree)",Gurbani,1
bMDn,ਬੰਧਨ,"bonds, fetters",Gurbani,19
byAMq,ਬੇਅੰਤ,infinite; without an end (be-without ant-limit),Gurbani,20
bIcwrw,ਬੀਚਾਰਾ,"reflect, consider, contemplate, realise, idea, opinion",Gurbani,6
bIDy,ਬੀਧੇ,"entwined, united, pierced",Gurbani,12
bynqI,ਬੇਨਤੀ,"prayer, request",Gurbani,12
BweI,ਭਾਈ,"brother, friend (used as address)",Gurbani,6
Bwg,ਭਾਗ,"bhaagna - to run away; bhaag - fortune, destiny",Gurbani,2
BwgT,ਭਾਗਠ,"fortunate, happy, fortunate ones, flourish",Gurbani,2
Bwie,ਭਾਇ,pleases; will; love (doojaa bhaai - duality),Gurbani,4
Bwxw,ਭਾਣਾ,"Will	, Divine Law",Gurbani,2
Bwau,ਭਾਉ,love,Gurbani,8
BwvY,ਭਾਵੈ,"to be pleasing, appeal to",Gurbani,14
BeI,ਭਈ,become,Gurbani,5
Bgiq,ਭਗਤਿ,"devotee of God, saintly person",Gurbani,3
BgqI,ਭਗਤੀ,"devotion, worship, praying; meditation, dedication",Gurbani,5
BlI,ਭਲੀ,"good, noble, positive, pious, virtuous; good turn, goodness; welfare, well being;",Gurbani,5
Brvwsw,ਭਰਵਾਸਾ,"Trust, confidence, support",Gurbani,2
BI,ਭੀ,"also, too, even, is",Gurbani,5
ibnw,ਬਿਨਾ,"without, except, but for",Gurbani,4
ibns,ਬਿਨਸ,"kill, destroy, perish, merge away, end, eliminate",Gurbani,3
ibnisAw,ਬਿਨਸਿਆ,"dispelled, removed, destroyed, eliminated",Gurbani,4
ibrh,ਬਿਰਹ,separation; isolation; alienation,Gurbani,3
BY,ਭੈ,fear (syn - bhau),Gurbani,13
Blw,ਭਲਾ,"good, good will, positive state of being",Gurbani,2
BMfwr,ਭੰਡਾਰ,"warehouse, treasure",Gurbani,20
BMjn,ਭੰਜਨ,destroyer,Gurbani,19
Bir,ਭਰਿ,"full, overflowing",Gurbani,3
BrpUr,ਭਰਪੂਰ,completely full,Gurbani,9
Brvwsw,ਭਰਵਾਸਾ,"trust, confidence. (Var - bharosaa)",Gurbani,2
Bau,ਭਉ,fear (bhaao - love),Gurbani,7
BI,ਭੀ,also (MP: vee),Gurbani,5
ibiD,ਬਿਧਿ,"Method, way",Gurbani,3
ibDwqw,ਬਿਧਾਤਾ,"architect of destiny, God",Gurbani,4
ibgsY,ਬਿਗਸੈ,"blooms forth, joyous, radiant",Gurbani,14
bUJY,ਬੂਝੈ,understands,Gurbani,14
crn,ਚਰਨ,"feet - symbolizes devotion, humility",Gurbani,1
Coif,ਛੋਡਿ,"abandon, leave",Gurbani,16
icMq,ਚਿੰਤ,"anxiety, apprehension (opposite is ਅਚਿੰਤ s  aachint)",Gurbani,20
icMqw,ਚਿੰਤਾ,worry (MP - fikar) (achintaa - free from worry),Gurbani,20
dw,ਦਾ,"of, belonging to",Gurbani,2
dws,ਦਾਸ,"servant, slave; devoted",Gurbani,2
dwqw,ਦਾਤਾ,giver,Gurbani,2
dieAw,ਦਇਆ,mercy,Gurbani,4
dieAwl,ਦਇਆਲ,"kind, generous",Gurbani,4
dr,ਦਰ,"door, portal",Gurbani,1
drgh,ਦਰਗਹ,court,Gurbani,1
drsn,ਦਰਸਨ,"blessing, vision, experience of being in Presence",Gurbani,1
dyKxhwry,ਦੇਖਣਹਾਰੇ,"""is/are watching"" from 2 roots - daykhan ਦੇਖਣ s  and haaray ਹਾਰੇ s . The word ""dayk"" means ""look/watch""; ""daykhan"" means ""is/are looking/watching"". ""Haaray"" means ""doer"" or ""endower of"" or ""worthy of""  the suffix.",Gurbani,12
dIAw,ਦੀਆ,gave,Gurbani,6
dIjY,ਦੀਜੈ,"give, provide, grant, offer, bless, bestow",Gurbani,14
dIn,ਦੀਨ,"poor, humble; religion, spiritual world",Gurbani,5
dIsih,ਦੀਸਹਿ,"appear, seem",Gurbani,6
ifTw,ਡਿਠਾ,"seen, visible",Gurbani,4
dys,ਦੇਸ,"abode, country, land",Gurbani,11
DwgY,ਧਾਗੈ,relating to string or thread,Gurbani,14
DwieAw,ਧਾਇਆ,"adopt, pursue, chase, evade,",Gurbani,4
Dwir,ਧਾਰਿ,"keep, enshrine, arrange, secure, shower, to do, understand",Gurbani,4
Dwrnw,ਧਾਰਨਾ,"(1) determine, resolve. (2) assume, adopt, hold, bear (3) Conception",Gurbani,2
Dwvq,ਧਾਵਤ,running (dhaavnaa - to run),Gurbani,2
Dn,ਧਨ,wealth; blessed,Gurbani,1
fir,ਡਰਿ,fear,Gurbani,3
Drm,ਧਰਮ,"righteous actions, duty, religion, path of righteousness",Gurbani,1
DITw,ਧੀਠਾ,"Stubborn, rebellious, daring",Gurbani,6
iDAwieAw,ਧਿਆਇਆ,"meditate on, remember, repeat name (MP-dhian) focus",Gurbani,4
FoAw,ਢੋਆ,"support, strength",Gurbani,16
DUir,ਧੂਰਿ,dust,Gurbani,10
idlwsw,ਦਿਲਾਸਾ,"Comfort, consolation, solace, encouragement",Gurbani,4
dUjw,ਦੂਜਾ,"second, other, duality",Gurbani,10
ieh,ਇਹ,this,Gurbani,3
Pwsw,ਫਾਸਾ,"noose, snare, death warrant, see ਫਾਹਾ s  ""faahaa""",Gurbani,2
PMDw,ਫੰਧਾ,"chain, in chains, snare, trap, net, entanglement, noose",Gurbani,20
gweIJ,ਗਾਈਝ,to sing; should sing;,Gurbani,6
giq,ਗਤਿ,"state, emancipation",Gurbani,3
gl,ਗਲ,"thing, talk",Gurbani,1
glI,ਗਲੀ,"by talking, relating to neck",Gurbani,5
grB,ਗਰਭ,womb,Gurbani,1
grIb,ਗਰੀਬ,"poor, humble",Gurbani,5
gIDy,ਗੀਧੇ,"saturated, dye deeply, eagerly desire,",Gurbani,12
Gnyry,ਘਨੇਰੇ,"lots, great",Gurbani,11
GVI,ਘੜੀ,"Moment, measure of time, watch, clock, small, pitcher or earthen pot",Gurbani,5
igAwnI,ਗਿਆਨੀ,"wise, knowledgeable",Gurbani,6
igAwn,ਗਿਆਨ,"knowledge, realization",Gurbani,4
igrsq,ਗਿਰਸਤ,1. householder. 2. engrossed,Gurbani,3
goibd,ਗੋਬਿਦ,"One who sustains the world-God (var - Govind, Govinda)",Gurbani,16
gopwl,ਗੋਪਾਲ,"Cherisher of the world-God, One who rotates the Earth",Gurbani,16
hmwrw,ਹਮਾਰਾ,"Our, my",Gurbani,2
hr,ਹਰ,"The Infinite (God); all, every, everyone, each, any; denominator",Gurbani,1
hir,ਹਰਿ,The Infinite (God); diamond,Gurbani,3
hrI,ਹਰੀ,The Infinite (God); green,Gurbani,5
hau,ਹਉ,I,Gurbani,7
haumY,ਹਉਮੈ,"(hou-me, mai-I) ego, pride, sense of I (separate from God & creation)",Gurbani,14
hY,ਹੈ,O (form of address),Gurbani,13
hI,ਹੀ,"even, indeed, very, used to emphasis",Gurbani,5
ihqY,ਹਿਤੈ,"impelled, urged on, set in motion, placed",Gurbani,14
ihrdY,ਹਿਰਦੈ,"(in the) heart, mind (MP - dil) abbrev: ridai",Gurbani,14
hm,ਹਮ,"We, I",Gurbani,1
iekMqI,ਇਕੰਤੀ,"alone, one who loves solitude, the retired one, one who lives in seclusion from the root ਇਕ s  ""Ik"" numeral ""one"", 1",Gurbani,20
iekq,ਇਕਤ,"the one, the only one, together as one, collect into one",Gurbani,3
jwJ,ਜਾਝ,"goes, departs, does, happen, done, expressed",Gurbani,2
jwgnw,ਜਾਗਨਾ,"to be awake, spiritually aware",Gurbani,2
jwnau,ਜਾਨਉ,to know (jananaa ),Gurbani,8
jwiq,ਜਾਤਿ,"caste, social status, species",Gurbani,4
jb,ਜਬ,when,Gurbani,1
jl,ਜਲ,water (mp - paanee),Gurbani,1
jm,ਜਮ,"death, god of death",Gurbani,1
jMmsI,ਜੰਮਸੀ,"will be born, will take birth",Gurbani,20
jnm,ਜਨਮ,birth,Gurbani,1
jMjIr,ਜੰਜੀਰ,chain,Gurbani,20
jMq,ਜੰਤ,"being, creature",Gurbani,19
jp,ਜਪ,"repeat Name, medidate, chant",Gurbani,1
jV,ਜੜ,"1. root  2. without consciousness, senseless, inanimate",Gurbani,1
jau,ਜਉ,if,Gurbani,7
jyqy,ਜੇਤੇ,"as, just as",Gurbani,11
jIau,ਜੀਉ,soul or life; respectful and affectionate appelation (Jee in MP),Gurbani,8
jIvq,ਜੀਵਤ,"live, living",Gurbani,5
jogI,ਜੋਗੀ,"yogi, one seeking union with God",Gurbani,16
join,ਜੋਨਿ,"incarnation, life (in birth/life cycle); species (var- joon)",Gurbani,16
joiq,ਜੋਤਿ,"light, spiritual light",Gurbani,16
kwFy,ਕਾਢੇ,"1. removes, saves, liberates  2. is known",Gurbani,12
kwieAw,ਕਾਇਆ,"body, self",Gurbani,4
kwl,ਕਾਲ,"death, time",Gurbani,2
kwm,ਕਾਮ,"lust, physical pleasures; work, endeaver",Gurbani,2
kwr,ਕਾਰ,"task, affair",Gurbani,2
kwrj,ਕਾਰਜ,"affair, task",Gurbani,2
kwt,ਕਾਟ,"Cut, bite; section, wound; deduction; act of cutting; clash; dissection, cutting",Gurbani,2
kwty,ਕਾਟੇ,"cuts, destroys, distances",Gurbani,12
kCU,ਕਛੂ,"1. Something, anything, nothing  2. Tortoise, turtle.",Gurbani,9
kdy,ਕਦੇ,"Whenever, ever, long ago, at any time",Gurbani,11
kdy,ਕਦੇ,"never, will never, shall never",Gurbani,11
khxw,ਕਹਣਾ,"describe, say, tell,",Gurbani,2
klw,ਕਲਾ,"art, technique",Gurbani,2
klys,ਕਲੇਸ,"agitation, grief, pain, agony, sorrow",Gurbani,11
kil,ਕਲਿ,"yesterday, tomorrow",Gurbani,3
kilAwx,ਕਲਿਆਣ,"1. salvation, emancipation, success, good fortune 2. welfare, happiness, joy, comfort  3. son of Rĝga Dīpaka 4. a trend of music",Gurbani,4
klml,ਕਲਮਲ,"sinful, nastiness, wickedness, distress, corrupt",Gurbani,1
kmweI,ਕਮਾਈ,"Earning, work, actions, deeds, performance, accomplishment",Gurbani,6
kml,ਕਮਲ,lotus,Gurbani,1
krm,ਕਰਮ,"action, past life actions (karma); law of cause and effect; grace",Gurbani,1
kry,ਕਰੇ,to do; does,Gurbani,11
krih,ਕਰਹਿ,to do (MP- karnaa),Gurbani,3
krnw,ਕਰਨਾ,"To do, to act, to perform",Gurbani,2
krqw,ਕਰਤਾ,creator,Gurbani,2
kQnI,ਕਥਨੀ,"speech, chanting, saying",Gurbani,5
k,ਕ,"""Kakah"" the sixth letter of Gurmukhi alphabet.",Gurbani,1
kIAw,ਕੀਆ,action (MP - keeta),Gurbani,6
kImiq,ਕੀਮਤਿ,"price, value",Gurbani,6
kIrqn,ਕੀਰਤਨ,"singing praises, spiritual music, group chanting",Gurbani,5
Kwndwn,ਖਾਨਦਾਨ,Family (dynasty),Gurbani,2
Ksm,ਖਸਮ,"master, God",Gurbani,1
KoeI,ਖੋਈ,"lost, forgotten, misplaced; wasted, exhausted, ruined; rid, removed",Gurbani,16
ikAw,ਕਿਆ,what (MP - kee),Gurbani,4
koie,ਕੋਇ,"Someone, anyone",Gurbani,16
kUp,ਕੂਪ,"well, pit",Gurbani,9
koit,ਕੋਟਿ,millions (lit. 10 million),Gurbani,16
lwg,ਲਾਗ,to be attached (laagna),Gurbani,2
lYih,ਲੈਹਿ,"take, receive, accept",Gurbani,14
lhin,ਲਹਨਿ,"1. achieve, receive, take on 2. come off, go away to a distance",Gurbani,3
lyp,ਲੇਪ,"1. plaster, coat, paste, spread, layer, anoint 2. ointment, balm 3. stigma, blemish, polluted, stained, opposite of ਅਲੇਪ s  ""alayp""",Gurbani,11
iliKAw,ਲਿਖਿਆ,"written, destined (likhna- to write)",Gurbani,4
ilv,ਲਿਵ,deep continuous love and absorption,Gurbani,3
loB,ਲੋਭ,greed,Gurbani,15
mieAw,ਮਇਆ,"Grace, blessing; merciful, kind; ingrained",Gurbani,4
mwxs,ਮਾਣਸ,"Man, human being, person",Gurbani,2
mwr,ਮਾਰ,kill,Gurbani,2
mwrY,ਮਾਰੈ,"kills, destroys, captures, hits; for the sake of, because of",Gurbani,14
mwqw,ਮਾਤਾ,mother,Gurbani,2
mwieAw,ਮਾਇਆ,"material illusion, worldly entaglements, illusionary & transient",Gurbani,4
mYl,ਮੈਲ,impurity,Gurbani,13
mhw,ਮਹਾ,great,Gurbani,2
mhlw,ਮਹਲਾ,"Identifies which Guru is author, neighborhood",Gurbani,2
mihmw,ਮਹਿਮਾ,"glory, greatness, enormity, majestic, importance, grandeur, fame, praise, tribute",Gurbani,4
mMgl,ਮੰਗਲ,"joy, happiness, delight, rejoice, auspiciousness, well-being, bliss, prosperity; Tuesday; the planet Mars;",Gurbani,19
mMgx,ਮੰਗਣ,"ask, beg",Gurbani,19
mnorQ,ਮਨੋਰਥ,"hope, desire",Gurbani,15
mir,ਮਰਿ,die (marnaa - to die); janam maran = birth & death,Gurbani,3
mwrY,ਮਾਰੈ,dies (marnaa - to die),Gurbani,14
mwrg,ਮਾਰਗ,"way, path, road",Gurbani,2
msqk,ਮਸਤਕ,"Forehead (MP mathaa)[one""s destiny is written on their forehead based on past karmas, before being incarnated]",Gurbani,1
myrw,ਮੇਰਾ,"mine, my",Gurbani,12
mIq,ਮੀਤ,dear friend,Gurbani,5
mITw,ਮੀਠਾ,sweet (MP - mitha),Gurbani,6
mih,ਮਹਿ,"in (postposition), within, inside",Gurbani,3
imhrvwn,ਮਿਹਰਵਾਨ,"generous, compassionate",Gurbani,4
myl,ਮੇਲ,union; (melnaa - to unite),Gurbani,11
imlwie,ਮਿਲਾਇ,"help to meet, unite",Gurbani,4
imiq,ਮਿਤਿ,measure (n),Gurbani,3
moh,ਮੋਹ,"attachment, excessive unhealthy love; (mohnaa - to attract or fascinate)",Gurbani,15
moihAw,ਮੋਹਿਆ,"to fascinate, attract (mohanaa)",Gurbani,16
mUl,ਮੂਲ,"root, base, orginal, source; original investment, capital; principal; basic, original, fundamental, primary",Gurbani,9
mUrK,ਮੂਰਖ,"fool, specifically someone who errs again and again but never learns",Gurbani,9
nwl,ਨਾਲ,"1. with, near, accompany 2. tube, pipe",Gurbani,2
nwil,ਨਾਲਿ,"with, near, accompany",Gurbani,4
nwly,ਨਾਲੇ,"1. with, along with 2. riulets, drains",Gurbani,12
nym,ਨੇਮ,"1. code, principle, rules, rehat 2. wall, fence, enclose",Gurbani,11
nwrI,ਨਾਰੀ,"woman, wife",Gurbani,6
nwau,ਨਾਉ,*see Naam,Gurbani,8
ndir,ਨਦਰਿ,grace,Gurbani,3
nmskwr,ਨਮਸਕਾਰ,"salutation, bow in humility, greeting, adoration",Gurbani,2
nr,ਨਰ,"Man, mortal",Gurbani,1
nIkw,ਨੀਕਾ,"1. good, beautiful, noble 2. pure, clean, pristine 3. food. 4. small",Gurbani,6
iniD,ਨਿਧਿ,treasure,Gurbani,3
inh,ਨਿਹ,"without, free from, not",Gurbani,3
inhPl,ਨਿਹਫਲ,"fruitless, useless (fal (ਫਲ) is fruit; nih see above)",Gurbani,3
inkit,ਨਿਕਟਿ,"near, close",Gurbani,3
inr,ਨਿਰ,As a prefix acts like un- in English making the meaning opposite,Gurbani,3
inrBau,ਨਿਰਭਉ,free from fear (nir-without bhau-fear),Gurbani,8
inrml,ਨਿਰਮਲ,"pure (nir- without, mal=impurity)",Gurbani,3
inq,ਨਿਤ,"daily - (MP - roz) (syn andin), always",Gurbani,3
aUcw,ਊਚਾ,high,Gurbani,10
auDwry,ਉਧਾਰੇ,to be liberated (udharnaa),Gurbani,12
aUjl,ਊਜਲ,"bright, pure",Gurbani,9
aUND,ਊਂਧ,"upside down, overturned, inverted, turned around",Gurbani,9
aupwv,ਉਪਾਵ,"effort, way or solution",Gurbani,8
aUpir,ਊਪਰਿ,"on, above",Gurbani,10
aupdys,ਉਪਦੇਸ,"teachings, preaching",Gurbani,12
Et,ਓਟ,support,Gurbani,1
aUTq,ਊਠਤ,"while rising, standing; MP - uthnaa",Gurbani,9
pweIJ,ਪਾਈਝ,obtain,Gurbani,6
pwp,ਪਾਪ,"(paa:- to put, aap:- ones-self) an action against ones-self, misdeed, mistake, negative action that creates separation with the being from universality",Gurbani,2
pwr,ਪਾਰ,"beyond, other shore",Gurbani,2
pwvih,ਪਾਵਹਿ,obtain (paavna - to obtain),Gurbani,4
pCwxY,ਪਛਾਣੈ,to recognize (pachhananaa),Gurbani,14
pCwxih,ਪਛਾਣਹਿ,"realise, recognise, understand, acknowledge",Gurbani,4
pdwrQ,ਪਦਾਰਥ,"wealth (material), treasure, blessing, thing, commodity, goods, provisions, riches, material object",Gurbani,2
pdwrQ,ਪਦਾਰਥ,"substance, essence, treasure",Gurbani,2
pg,ਪਗ,foot,Gurbani,1
pMc,ਪੰਚ,five; select,Gurbani,19
prweI,ਪਰਾਈ,"stranger, not one of us, belonging to someone else",Gurbani,6
prwqw,ਪਰਾਤਾ,"attained, seized, clung; fall, lie, sink; gaze,",Gurbani,2
prm,ਪਰਮ,supreme,Gurbani,1
proeI,ਪਰੋਈ,"to string, to thread, to weave",Gurbani,16
prqwp,ਪਰਤਾਪ,"victory, glory, splendour",Gurbani,2
prvwr,ਪਰਵਾਰ,family,Gurbani,2
piq,ਪਤਿ,honor,Gurbani,3
piqvMqw,ਪਤਿਵੰਤਾ,"honorable, respectable, from ਪਤਿ,""Patt"" and ਵੰਤਾ ""vantaa""",Gurbani,20
piq,ਪਤਿ,"1. lord, master, husband. 2. Honour, respect, reputation",Gurbani,3
pITw,ਪੀਠਾ,"crushed, ground, pulses soaked in water and crushed on stone or in mortar",Gurbani,6
pyiK,ਪੇਖਿ,see (pekhna - to see; MP dekhna),Gurbani,12
iPir,ਫਿਰਿ,"again, then",Gurbani,3
ipAwry,ਪਿਆਰੇ,"beloved, loved one (piar-love)",Gurbani,12
ipMf,ਪਿੰਡ,body,Gurbani,20
ipqw,ਪਿਤਾ,father,Gurbani,4
pUjw,ਪੂਜਾ,"worship, prayer (Hindu traditional ceremony including offerings)",Gurbani,10
pUrn,ਪੂਰਨ,"complete, perfect",Gurbani,9
prkwsæ,ਪਰਕਾਸ਼,"light, radiance, illumination; clarity of vision, enlightenment, mental or spiritual awakening; opening ceremony of Guru Granth Sahib",Gurbani,2
rwg,ਰਾਗ,"1. music, musical mode. 2. Love",Gurbani,2
rwKw,ਰਾਖਾ,"Protector (rakhshaa - protection), caretaker",Gurbani,2
rwKis,ਰਾਖਸਿ,1. keeps (feminine) 2. Demon,Gurbani,4
rwm,ਰਾਮ,"(1) One who resides everywhere, God, all prevading Spirit; (2) Raam Chandar - Hindu deity.",Gurbani,2
rhwau,ਰਹਾਉ,"Pause, command to pause in reflection of the previous line (marks chorus, or main theme line)",Gurbani,8
rihAw,ਰਹਿਆ,"is, remains, stays, pervading, contained",Gurbani,4
rhq,ਰਹਤ,"1. living, way of life 2. discipline 3. without 4. separate",Gurbani,1
rhy,ਰਹੇ,"remain, stay, keep",Gurbani,11
rMg,ਰੰਗ,"color, dye; love, to be dyed in the color of love for God",Gurbani,19
rsw,ਰਸਾ,"see ""ras"", Juices",Gurbani,2
rswlI,ਰਸਾਲੀ,"juicy, full of juice, house of nectar ,from ਰਸ s  ""raas"" juice",Gurbani,6
rsnw,ਰਸਨਾ,"tongue, speech",Gurbani,2
rqw,ਰਤਾ,"1. Dyed, absorbed, saturated  2. virtuous 3. tiny, minute",Gurbani,2
rqy,ਰਤੇ,"steeped, absorbed",Gurbani,11
riv,ਰਵਿ,permeating,Gurbani,3
irdY,ਰਿਦੈ,"in/within your heart, deep within your consciousness",Gurbani,14
sw,ਸਾ,"1. that, she, he, God",Gurbani,2
swFy,ਸਾਢੇ,and a half,Gurbani,12
swgr,ਸਾਗਰ,ocean,Gurbani,2
swihb,ਸਾਹਿਬ,"Master, lord, term of respect",Gurbani,4
swjy,ਸਾਜੇ,"fashions, creates",Gurbani,12
swrMgpwxI,ਸਾਰੰਗਪਾਣੀ,"abode of the Lord; ""the holy lake""; from 2 roots - ਸਾਰੰਗ s  see ""sarang"" and ਪਾਣੀ s  ""paanee"" - water; lake",Gurbani,20
sws,ਸਾਸ,breath,Gurbani,2
swsw,ਸਾਸਾ,breath,Gurbani,2
swsq,ਸਾਸਤ,"Religious text, scriptures, Shaastras, Hindu holy texts",Gurbani,2
swQy,ਸਾਥੇ,"together, accompany, along",Gurbani,12
swQI,ਸਾਥੀ,companion,Gurbani,6
swD,ਸਾਧ,"saintly person,",Gurbani,2
sbd,ਸਬਦ,"(sha-ego, bad-breaker) sacred verse, celestial sound vibration, science of uplifting consiousness through sacred primal sounds, similar to Naam; a single word; an entire hymn which can be put to music",Gurbani,1
sB,ਸਭ,"all, Everything",Gurbani,1
sdw,ਸਦਾ,Always,Gurbani,2
swDy,ਸਾਧੇ,"arrange, control, achieve by some method",Gurbani,12
sgl,ਸਗਲ,all,Gurbani,1
shxw,ਸਹਣਾ,"endure, suffer, support",Gurbani,2
slwh,ਸਲਾਹ,to praise,Gurbani,2
smweI,ਸਮਾਈ,absorbed in,Gurbani,6
smwly,ਸਮਾਲੇ,"cherish, take care of, remember",Gurbani,12
smrQ,ਸਮਰਥ,"potent, capable, all powerful",Gurbani,1
sMgiq,ਸੰਗਤਿ,"association, company, congregation",Gurbani,20
sMgI,ਸੰਗੀ,companion,Gurbani,20
sMg,ਸੰਗ,"with, close",Gurbani,19
sMq,ਸੰਤ,"Saint, saintly person in tune with God, often used for Guru",Gurbani,19
srb,ਸਰਬ,all,Gurbani,1
srn,ਸਰਨ,"shelter, protection, sanctuary; sanctify (var. sharan, sarnaaee)",Gurbani,1
swrMg,ਸਾਰੰਗ,"1. a musical melody, raag, pure with clarity; 2. peacock, crane, Indian cuckoo. 3. spotted deer 4. sword 5. elephant",Gurbani,20
srIr,ਸਰੀਰ,"body, self",Gurbani,5
srIrw,ਸਰੀਰਾ,"body, wisdom",Gurbani,6
saudwgrI,ਸਉਦਾਗਰੀ,"trade, business",Gurbani,8
svwir,ਸਵਾਰਿ,"to set right, decorate,",Gurbani,4
syqI,ਸੇਤੀ,"with, by, infuse, together",Gurbani,12
sihj,ਸਹਿਜ,"state of peace and balance, tranquility, spontaneous, naturally - with the flow, in tune with the Infinite",Gurbani,3
syj,ਸੇਜ,bed; divine bed representing union between God and the soul bride,Gurbani,11
syvw,ਸੇਵਾ,"selfless-service, devotional service, volunteer effort",Gurbani,12
isAwxp,ਸਿਆਣਪ,"cleverness, wisdom, intellect",Gurbani,4
isAwxw,ਸਿਆਣਾ,"wise, clever, intellectual, knowledgeable, mature, cunning, crafty",Gurbani,4
isPiq,ਸਿਫਤਿ,"praise, glory",Gurbani,3
islk,ਸਿਲਕ,"rope (round neck), noose, thread",Gurbani,3
ismir,ਸਿਮਰਿ,"remember with love, hold in your heart, meditate *see simran",Gurbani,3
isMG,ਸਿੰਘ,Lion,Gurbani,20
issit,ਸਿਸਟਿ,"creation, Creator, universe, world",Gurbani,3
isau,ਸਿਉ,"(pp) to, with (MP - noo)",Gurbani,8
soBw,ਸੋਭਾ,glory,Gurbani,16
soeI,ਸੋਈ,that one,Gurbani,16
sovq,ਸੋਵਤ,sleeping (sovana - to sleep),Gurbani,15
qyj,ਤੇਜ,"1. power, splendour, glory, victory  2. fire, passion, anger  3. speedy, swift, fast, sharp",Gurbani,11
qb,ਤਬ,then,Gurbani,1
qwp,ਤਾਪ,"1. heat, warmth, fever  2. affliction. 3. austerity",Gurbani,2
qrweI,ਤਰਾਈ,"1. floated, saved, floated across safely 2. Foot hill, low land, a marsh, meadow",Gurbani,6
qwrY,ਤਾਰੈ,"swim, be saved (tarnaa); taraana - to save, help to swim",Gurbani,14
qrIjY,ਤਰੀਜੈ,"float it, get it across safely",Gurbani,14
qy,ਤੇ,"1. that  2. from, by, upon, by means of, on account of, 3. and",Gurbani,11
qyrw,ਤੇਰਾ,"your, yours",Gurbani,12
qyqy,ਤੇਤੇ,"that is, that""s, they are",Gurbani,11
iqs,ਤਿਸ,"1. from, which  2. He, she, it, that  3. Thirst, longing.",Gurbani,3
Qwip,ਥਾਪਿ,"establish, install, fix, engage",Gurbani,4
TwFy,ਠਾਢੇ,"1. stand, stands 2. cold, cool 3. quiet, tranquil",Gurbani,12
QwipAw,ਥਾਪਿਆ,"impose, affect, effect",Gurbani,4
Taur,ਠਉਰ,"Sanctuary, place of rest, support",Gurbani,7
Qok,ਥੋਕ,"1. heap of anything like corn, material objects, anything. 2. wholesale",Gurbani,15
iqAwg,ਤਿਆਗ,"abandon, give up, renounce, to give up maya; society, family, career etc.",Gurbani,4
iqlk,ਤਿਲਕ,"Coranation, coloured, mark on the forehead.",Gurbani,3
qUtY,ਤੂਟੈ,"breaks, wiped out, broken",Gurbani,14
audwsw,ਉਦਾਸਾ,"without desire, detached, apart, dis-interested, neutral",Gurbani,8
aupwVI,ਉਪਾੜੀ,"root out,",Gurbani,8
aupjY,ਉਪਜੈ,"spring up, arise",Gurbani,14
auiT,ਉਠਿ,"awake, arise, rise up, get up",Gurbani,8
auQwpnhwrw,ਉਥਾਪਨਹਾਰਾ,"one who destroys, disestablishes, from ਉਥਾਪਨ s  ""uthaapan"" and the suffix ਹਾਰਾ s  ""haaraa"" one with the quality preceding; ਉਥਾਪਨ s  is itself from the the roots ਉ s  makes the opposite of the word following and ਥਾਪਨ s  which means establish",Gurbani,8
auqir,ਉਤਰਿ,"1. descend, depart, come down, remove, drive out 2. North, opposite of which is ਦਖਣ s  ""dakhan"" South",Gurbani,8
auqrih,ਉਤਰਹਿ,"depart, remove, cross over,",Gurbani,8
vwjy,ਵਾਜੇ,"rings, resound, play as of music",Gurbani,12
vifAweI,ਵਡਿਆਈ,"greatness, glory, distinction",Gurbani,6
vfBwgI,ਵਡਭਾਗੀ,fortunate,Gurbani,6
vYr,ਵੈਰ,enmity (var. bair); vairee or bairee - enemy,Gurbani,13
vix,ਵਣਿ,in (within) forest/jungle/woods/trees,Gurbani,3
vrx,ਵਰਣ,n. color or caste; v. to desribe,Gurbani,1
vrKY,ਵਰਖੈ,"rains, pours",Gurbani,13
vswieAw,ਵਸਾਇਆ,"to live, abide, be enshrined (vasnaa)",Gurbani,4
vsY,ਵਸੈ,"live, abide",Gurbani,13
visAw,ਵਸਿਆ,dwells,Gurbani,4
ivfwxI,ਵਿਡਾਣੀ,"Unfamiliar, Wonderful marvellous, astonishing, other or another",Gurbani,6
ivjogw,ਵਿਜੋਗਾ,"separation, disunion, loss, bereavement",Gurbani,16
ivkwr,ਵਿਕਾਰ,"sins, evil",Gurbani,4
ivswr,ਵਿਸਾਰ,forget; MP - bhulnaa,Gurbani,4
mYƒ,ਮੈਨੂੰ,I,Punjabi,13
"sI,","ਸੀ,",was,Punjabi,5
leI,ਲਈ,for,Punjabi,5
‘qy,‘ਤੇ,on,Punjabi,11
hn,ਹਨ,are,Punjabi,1
auh,ਉਹ,they,Punjabi,7
ho,ਹੋ,be,Punjabi,15
‘qy,‘ਤੇ,at,Punjabi,11
ie`k,ਇੱਕ,one,Punjabi,3
hY,ਹੈ,have,Punjabi,13
q`k,ਤੱਕ,from,Punjabi,1
ky,ਕੇ,by,Punjabi,11
grm,ਗਰਮ,hot,Punjabi,1
pr,ਪਰ,but,Punjabi,1
hY,ਹੈ,is,Punjabi,13
quhwƒ,ਤੁਹਾਨੂੰ,you,Punjabi,8
j,ਜ,or,Punjabi,1
"sI,","ਸੀ,",had,Punjabi,5
The,The,the,Punjabi,1
dy,ਦੇ,of,Punjabi,11
ƒ,ਨੂੰ,to,Punjabi,1
ie`k,ਇੱਕ,a,Punjabi,3
iv`c,ਵਿੱਚ,in,Punjabi,3
swƒ,ਸਾਨੂੰ,we,Punjabi,2
bwhr,ਬਾਹਰ,out,Punjabi,2
sn,ਸਨ,were,Punjabi,1
krdy,ਕਰਦੇ,do,Punjabi,11
Awpxy,ਆਪਣੇ,their,Punjabi,12
vwr,ਵਾਰ,time,Punjabi,2
jy,ਜੇ,if,Punjabi,11
krygw,ਕਰੇਗਾ,will,Punjabi,12
ikMny,ਕਿੰਨੇ,how,Punjabi,20
ie`k,ਇੱਕ,an,Punjabi,3
iqMn,ਤਿੰਨ,three,Punjabi,20
cwhuMdy,ਚਾਹੁੰਦੇ,want,Punjabi,20
hvw,ਹਵਾ,air,Punjabi,2
Kyfx,ਖੇਡਣ,play,Punjabi,11
pw,ਪਾ,put,Punjabi,2
v¤fy,ਵੱਡੇ,large,Punjabi,11
joV,ਜੋੜ,spell,Punjabi,15
sæwiml,ਸ਼ਾਮਿਲ,add,Punjabi,4
vI,ਵੀ,even,Punjabi,5
ieQy,ਇਥੇ,here,Punjabi,12
v¤fy,ਵੱਡੇ,big,Punjabi,11
au`c,ਉੱਚ,high,Punjabi,7
Aijhy,ਅਜਿਹੇ,such,Punjabi,12
kMm,ਕੰਮ,act,Punjabi,19
iesy,ਇਸੇ,why,Punjabi,12
pu¤Co,ਪੁੱਛੋ,ask,Punjabi,16
lok,ਲੋਕ,men,Punjabi,15
qbdIlI,ਤਬਦੀਲੀ,change,Punjabi,5
hlkw,ਹਲਕਾ,light,Punjabi,2
idAwlU,ਦਿਆਲੂ,kind,Punjabi,10
bMd,ਬੰਦ,off,Punjabi,19
qsvIr,ਤਸਵੀਰ,picture,Punjabi,5
jwnvr,ਜਾਨਵਰ,animal,Punjabi,2
ibMdU,ਬਿੰਦੂ,point,Punjabi,20
mwqw,ਮਾਤਾ,mother,Punjabi,2
svY,ਸਵੈ,self,Punjabi,13
nv,ਨਵ,new,Punjabi,1
lY,ਲੈ,take,Punjabi,13
pRwpq,ਪ੍ਰਾਪਤ,get,Punjabi,2
sQwn,ਸਥਾਨ,place,Punjabi,2
rihMdy,ਰਹਿੰਦੇ,live,Punjabi,20
vwps,ਵਾਪਸ,back,Punjabi,2
QoVw,ਥੋੜਾ,little,Punjabi,16
isrP,ਸਿਰਫ,only,Punjabi,3
dOr,ਦੌਰ,round,Punjabi,17
pRdrsæn,ਪ੍ਰਦਰਸ਼ਨ,show,Punjabi,1
cMgw,ਚੰਗਾ,good,Punjabi,20
mYƒ,ਮੈਨੂੰ,me,Punjabi,13
dyx,ਦੇਣ,give,Punjabi,11
swfy,ਸਾਡੇ,our,Punjabi,12
hyT,ਹੇਠ,under,Punjabi,11
nwm,ਨਾਮ,name,Punjabi,2
duAwrw,ਦੁਆਰਾ,through,Punjabi,8
mhwn,ਮਹਾਨ,great,Punjabi,2
socdy,ਸੋਚਦੇ,think,Punjabi,16
Kojo,ਖੋਜੋ,low,Punjabi,15
lweIn,ਲਾਈਨ,line,Punjabi,6
vwrI,ਵਾਰੀ,turn,Punjabi,6
kwrn,ਕਾਰਨ,cause,Punjabi,2
A¤gy,ਅੱਗੇ,before,Punjabi,11
mUv,ਮੂਵ,move,Punjabi,9
purwxI,ਪੁਰਾਣੀ,old,Punjabi,8
swry,ਸਾਰੇ,all,Punjabi,12
au¤Qy,ਉੱਥੇ,there,Punjabi,12
jd,ਜਦ,when,Punjabi,1
Ap,ਅਪ,up,Punjabi,1
vrqx,ਵਰਤਣ,use,Punjabi,1
quhwfy,ਤੁਹਾਡੇ,your,Punjabi,12
bwry,ਬਾਰੇ,about,Punjabi,12
iPr,ਫਿਰ,then,Punjabi,3
ƒ,ਨੂੰ,them,Punjabi,1
sI,ਸੀ,would,Punjabi,5
vrgy,ਵਰਗੇ,like,Punjabi,11
ieh,ਇਹ,these,Punjabi,3
lMby,ਲੰਬੇ,long,Punjabi,20
kr,ਕਰ,make,Punjabi,1
"vyKo,","ਵੇਖੋ,",see,Punjabi,16
hY,ਹੈ,has,Punjabi,13
dyK,ਦੇਖ,look,Punjabi,11
hor,ਹੋਰ,more,Punjabi,15
jwx,ਜਾਣ,go,Punjabi,2
Aw,ਆ,come,Punjabi,2
Awvwjæ,ਆਵਾਜ਼,sound,Punjabi,2
sB,ਸਭ,most,Punjabi,1
lok,ਲੋਕ,people,Punjabi,15
myry,ਮੇਰੇ,my,Punjabi,11
v`D,ਵੱਧ,over,Punjabi,1
v`D,ਵੱਧ,than,Punjabi,1
pihlI,ਪਹਿਲੀ,first,Punjabi,6
jo,ਜੋ,who,Punjabi,15
fwaUn,ਡਾਊਨ,down,Punjabi,10
pwsy,ਪਾਸੇ,side,Punjabi,12
KVHy,ਖੜ੍ਹੇ,stand,Punjabi,11
sPæw,ਸਫ਼ਾ,page,Punjabi,2
pwieAw,ਪਾਇਆ,found,Punjabi,4
vwDw,ਵਾਧਾ,grow,Punjabi,2
is`Kx,ਸਿੱਖਣ,learn,Punjabi,3
bUtw,ਬੂਟਾ,plant,Punjabi,10
Bojn,ਭੋਜਨ,food,Punjabi,15
r`Kx,ਰੱਖਣ,keep,Punjabi,1
A`K,ਅੱਖ,eye,Punjabi,1
ipCly,ਪਿਛਲੇ,last,Punjabi,12
idau,ਦਿਉ,let,Punjabi,8
soicAw,ਸੋਚਿਆ,thought,Punjabi,16
pwr,ਪਾਰ,cross,Punjabi,2
hwrf,ਹਾਰਡ,hard,Punjabi,2
sæwied,ਸ਼ਾਇਦ,might,Punjabi,4
khwxI,ਕਹਾਣੀ,story,Punjabi,6
Awrw,ਆਰਾ,saw,Punjabi,2
dUr,ਦੂਰ,far,Punjabi,9
iK`cx,ਖਿੱਚਣ,draw,Punjabi,3
dyr,ਦੇਰ,late,Punjabi,11
rn,ਰਨ,run,Punjabi,1
jdik,ਜਦਕਿ,while,Punjabi,3
pRY`s,ਪ੍ਰੈੱਸ,press,Punjabi,13
kuJ,ਕੁਝ,few,Punjabi,7
au`qr,ਉੱਤਰ,north,Punjabi,7
lY,ਲੈ,carry,Punjabi,13
kmry,ਕਮਰੇ,room,Punjabi,11
dosq,ਦੋਸਤ,friend,Punjabi,15
m`CI,ਮੱਛੀ,fish,Punjabi,5
phwV,ਪਹਾੜ,mountain,Punjabi,2
rUko,ਰੂਕੋ,stop,Punjabi,16
ADwr,ਅਧਾਰ,base,Punjabi,2
suxdy,ਸੁਣਦੇ,hear,Punjabi,12
GoVw,ਘੋੜਾ,horse,Punjabi,16
k`t,ਕੱਟ,cut,Punjabi,1
jwg,ਜਾਗ,watch,Punjabi,2
mu`K,ਮੁੱਖ,main,Punjabi,7
Ku`lHw,ਖੁੱਲ੍ਹਾ,open,Punjabi,8
"ic¤ty,","ਚਿੱਟੇ,",white,Punjabi,12
b¤cy,ਬੱਚੇ,children,Punjabi,11
sæurU,ਸ਼ੁਰੂ,begin,Punjabi,10
imlI,ਮਿਲੀ,got,Punjabi,6
qur,ਤੁਰ,walk,Punjabi,7
audwhrn,ਉਦਾਹਰਨ,example,Punjabi,8
sOKw,ਸੌਖਾ,ease,Punjabi,18
pypr,ਪੇਪਰ,paper,Punjabi,11
ijhVy,ਜਿਹੜੇ,those,Punjabi,12
dono,ਦੋਨੋ,both,Punjabi,15
insæwn,ਨਿਸ਼ਾਨ,mark,Punjabi,4
Aksr,ਅਕਸਰ,often,Punjabi,1
mIl,ਮੀਲ,mile,Punjabi,5
ndI,ਨਦੀ,river,Punjabi,5
pYr,ਪੈਰ,feet,Punjabi,13
kwPæI,ਕਾਫ਼ੀ,enough,Punjabi,6
smql,ਸਮਤਲ,plain,Punjabi,1
Awm,ਆਮ,usual,Punjabi,2
nOjvwn,ਨੌਜਵਾਨ,young,Punjabi,18
iqAwr,ਤਿਆਰ,ready,Punjabi,4
auprokq,ਉਪਰੋਕਤ,above,Punjabi,16
kdy,ਕਦੇ,ever,Punjabi,11
lwl,ਲਾਲ,red,Punjabi,2
pr,ਪਰ,though,Punjabi,1
pMCI,ਪੰਛੀ,bird,Punjabi,20
ku¤qy,ਕੁੱਤੇ,dog,Punjabi,12
is`DI,ਸਿੱਧੀ,direct,Punjabi,6
pYdw,ਪੈਦਾ,pose,Punjabi,14
gIq,ਗੀਤ,song,Punjabi,5
mwp,ਮਾਪ,measure,Punjabi,2
auqpwd,ਉਤਪਾਦ,product,Punjabi,8
kwlw,ਕਾਲਾ,black,Punjabi,2
Cotw,ਛੋਟਾ,short,Punjabi,16
AMk,ਅੰਕ,numeral,Punjabi,19
hvw,ਹਵਾ,wind,Punjabi,2
jhwjæ,ਜਹਾਜ਼,ship,Punjabi,2
A¤Dy,ਅੱਧੇ,half,Punjabi,11
c`twn,ਚੱਟਾਨ,rock,Punjabi,2
kRm,ਕ੍ਰਮ,order,Punjabi,1
d`Kx,ਦੱਖਣ,south,Punjabi,1
tukVy,ਟੁਕੜੇ,piece,Punjabi,12
pws,ਪਾਸ,pass,Punjabi,2
swrI,ਸਾਰੀ,whole,Punjabi,6
ieMc,ਇੰਚ,inch,Punjabi,20
guxw,ਗੁਣਾ,multiply,Punjabi,8
rihx,ਰਹਿਣ,stay,Punjabi,3
c`kr,ਚੱਕਰ,wheel,Punjabi,1
pUry,ਪੂਰੇ,full,Punjabi,12
Pors,ਫੋਰਸ,force,Punjabi,15
nIlw,ਨੀਲਾ,blue,Punjabi,6
iekweI,ਇਕਾਈ,object,Punjabi,6
sqh,ਸਤਹ,surface,Punjabi,1
fUMGy,ਡੂੰਘੇ,deep,Punjabi,20
cMd,ਚੰਦ,moon,Punjabi,19
pYr,ਪੈਰ,foot,Punjabi,13
ivAsq,ਵਿਅਸਤ,busy,Punjabi,3
iksæqI,ਕਿਸ਼ਤੀ,boat,Punjabi,6
Awm,ਆਮ,common,Punjabi,2
jhwjæ,ਜਹਾਜ਼,plane,Punjabi,2
bYT,ਬੈਠ,stead,Punjabi,13
Kusæk,ਖੁਸ਼ਕ,dry,Punjabi,7
hYrwn,ਹੈਰਾਨ,wonder,Punjabi,14
h`s,ਹੱਸ,laugh,Punjabi,1
hjæwr,ਹਜ਼ਾਰ,thousand,Punjabi,2
swl,ਸਾਲ,ago,Punjabi,2
B`j,ਭੱਜ,ran,Punjabi,1
sækl,ਸ਼ਕਲ,shape,Punjabi,1
jiæ`lq,ਜ਼ਿੱਲਤ,equate,Punjabi,3
grm,ਗਰਮ,hot,Punjabi,1
ims,ਮਿਸ,miss,Punjabi,3
twier,ਟਾਇਰ,tire,Punjabi,4
ilAwaux,ਲਿਆਉਣ,bring,Punjabi,8
jI,ਜੀ,yes,Punjabi,5
dUr,ਦੂਰ,distant,Punjabi,9
pUrb,ਪੂਰਬ,east,Punjabi,9
ic`qrkwrI,ਚਿੱਤਰਕਾਰੀ,paint,Punjabi,6
ksby,ਕਸਬੇ,town,Punjabi,11
jurmwnw,ਜੁਰਮਾਨਾ,fine,Punjabi,8
au`fdI,ਉੱਡਦੀ,fly,Punjabi,8
if`g,ਡਿੱਗ,fall,Punjabi,3
pukwr,ਪੁਕਾਰ,cry,Punjabi,8
hnyry,ਹਨੇਰੇ,dark,Punjabi,11
not,ਨੋਟ,note,Punjabi,15
isqwrw,ਸਿਤਾਰਾ,star,Punjabi,4
nwm,ਨਾਮ,noun,Punjabi,2
Kyqr,ਖੇਤਰ,field,Punjabi,11
Xog,ਯੋਗ,able,Punjabi,15
syr,ਸੇਰ,pound,Punjabi,11
smwpq,ਸਮਾਪਤ,done,Punjabi,2
suMdrqw,ਸੁੰਦਰਤਾ,beauty,Punjabi,20
swhmxy,ਸਾਹਮਣੇ,front,Punjabi,12
PweInl,ਫਾਈਨਲ,final,Punjabi,6
hry,ਹਰੇ,green,Punjabi,11
Ehu,ਓਹੁ,oh,Punjabi,7
qyjæ,ਤੇਜ਼,quick,Punjabi,11
smuMdr,ਸਮੁੰਦਰ,ocean,Punjabi,20
in`Gw,ਨਿੱਘਾ,warm,Punjabi,4
muPæq,ਮੁਫ਼ਤ,free,Punjabi,7
imMt,ਮਿੰਟ,minute,Punjabi,20
mjæbUq,ਮਜ਼ਬੂਤ,strong,Punjabi,9
ivsæysæ,ਵਿਸ਼ੇਸ਼,special,Punjabi,12
mn,ਮਨ,mind,Punjabi,1
ip¤Cy,ਪਿੱਛੇ,behind,Punjabi,12
pUC,ਪੂਛ,tail,Punjabi,9
auqpwdn,ਉਤਪਾਦਨ,produce,Punjabi,8
spys,ਸਪੇਸ,space,Punjabi,11
suixAw,ਸੁਣਿਆ,heard,Punjabi,8
vDIAw,ਵਧੀਆ,best,Punjabi,6
GMty,ਘੰਟੇ,hour,Punjabi,20
ibhqr,ਬਿਹਤਰ,better,Punjabi,3
sO,ਸੌ,hundred,Punjabi,17
pMj,ਪੰਜ,five,Punjabi,19
p`Cm,ਪੱਛਮ,west,Punjabi,1
jæmIn,ਜ਼ਮੀਨ,ground,Punjabi,5
ivAwj,ਵਿਆਜ,interest,Punjabi,4
Pwst,ਫਾਸਟ,fast,Punjabi,2
ikRAw,ਕ੍ਰਿਆ,verb,Punjabi,4
Cy,ਛੇ,six,Punjabi,11
Xwqrw,ਯਾਤਰਾ,travel,Punjabi,2
G`t,ਘੱਟ,less,Punjabi,1
ds,ਦਸ,ten,Punjabi,1
sDwrn,ਸਧਾਰਨ,simple,Punjabi,2
sÍr,ਸ੍ਵਰ,vowel,Punjabi,1
v`l,ਵੱਲ,toward,Punjabi,1
r`Kxgy,ਰੱਖਣਗੇ,lay,Punjabi,11
pYtrn,ਪੈਟਰਨ,pattern,Punjabi,13
hOlI,ਹੌਲੀ,slow,Punjabi,18
kdr,ਕਦਰ,center,Punjabi,1
ivKweI,ਵਿਖਾਈ,appear,Punjabi,6
"nksæw,","ਨਕਸ਼ਾ,",map,Punjabi,2
rwj,ਰਾਜ,govern,Punjabi,2
iK¤co,ਖਿੱਚੋ,pull,Punjabi,16
TMfy,ਠੰਡੇ,cold,Punjabi,20
aUrjw,ਊਰਜਾ,energy,Punjabi,10
siækwr,ਸ਼ਿਕਾਰ,hunt,Punjabi,4
sMBv,ਸੰਭਵ,probable,Punjabi,19
mMjy,ਮੰਜੇ,bed,Punjabi,20
AMfy,ਅੰਡੇ,egg,Punjabi,20
sPær,ਸਫ਼ਰ,ride,Punjabi,1
sY`l,ਸੈੱਲ,cell,Punjabi,13
sæwied,ਸ਼ਾਇਦ,perhaps,Punjabi,4
cu`kx,ਚੁੱਕਣ,pick,Punjabi,7
Acwnk,ਅਚਾਨਕ,sudden,Punjabi,2
igxo,ਗਿਣੋ,count,Punjabi,16
vrg,ਵਰਗ,square,Punjabi,1
lMbweI,ਲੰਬਾਈ,length,Punjabi,20
klw,ਕਲਾ,art,Punjabi,2
ivsæy,ਵਿਸ਼ੇ,subject,Punjabi,12
vsx,ਵਸਣ,settle,Punjabi,1
AweIs,ਆਈਸ,ice,Punjabi,6
c`kr,ਚੱਕਰ,circle,Punjabi,1
joVw,ਜੋੜਾ,pair,Punjabi,16
pwVw,ਪਾੜਾ,divide,Punjabi,2
ishwrI,ਿਸਹਾਰੀ,syllable,Punjabi,6
sæwndwr,ਸ਼ਾਨਦਾਰ,grand,Punjabi,2
bwl,ਬਾਲ,ball,Punjabi,2
lihr,ਲਹਿਰ,wave,Punjabi,3
fROp,ਡ੍ਰੌਪ,drop,Punjabi,17
am,am,am,Punjabi,1
mOjUd,ਮੌਜੂਦ,present,Punjabi,18
BwrI,ਭਾਰੀ,heavy,Punjabi,6
nwc,ਨਾਚ,dance,Punjabi,2
siQqI,ਸਥਿਤੀ,position,Punjabi,6
Awrm,ਆਰਮ,arm,Punjabi,2
cOVw,ਚੌੜਾ,wide,Punjabi,18
jhwjæ,ਜਹਾਜ਼,sail,Punjabi,2
sm`grI,ਸਮੱਗਰੀ,material,Punjabi,5
"bwg,","ਬਾਗ,",fraction,Punjabi,2
jMgl,ਜੰਗਲ,forest,Punjabi,19
bYT,ਬੈਠ,sit,Punjabi,13
stor,ਸਟੋਰ,store,Punjabi,15
swbq,ਸਾਬਤ,prove,Punjabi,2
ieko,ਇਕੋ,lone,Punjabi,16
l`q,ਲੱਤ,leg,Punjabi,1
ksrq,ਕਸਰਤ,exercise,Punjabi,1
kMD,ਕੰਧ,wall,Punjabi,19
kYc,ਕੈਚ,catch,Punjabi,13
mwaUt,ਮਾਊਟ,mount,Punjabi,10
Asmwn,ਅਸਮਾਨ,sky,Punjabi,2
borf,ਬੋਰਡ,board,Punjabi,15
srdI,ਸਰਦੀ,winter,Punjabi,5
iliKAw,ਲਿਖਿਆ,written,Punjabi,4
jMglI,ਜੰਗਲੀ,wild,Punjabi,20
swDn,ਸਾਧਨ,instrument,Punjabi,2
r`iKAw,ਰੱਖਿਆ,kept,Punjabi,4
glws,ਗਲਾਸ,glass,Punjabi,2
Gwh,ਘਾਹ,grass,Punjabi,2
gaU,ਗਊ,cow,Punjabi,9
iknwry,ਕਿਨਾਰੇ,edge,Punjabi,12
ipCly,ਪਿਛਲੇ,past,Punjabi,12
swPt,ਸਾਫਟ,soft,Punjabi,2
mjæydwr,ਮਜ਼ੇਦਾਰ,fun,Punjabi,12
cmkdwr,ਚਮਕਦਾਰ,bright,Punjabi,2
gYs,ਗੈਸ,gas,Punjabi,13
l`K,ਲੱਖ,million,Punjabi,1
r`Kxw,ਰੱਖਣਾ,bear,Punjabi,2
Kusæ,ਖੁਸ਼,happy,Punjabi,7
Pu`l,ਫੁੱਲ,flower,Punjabi,7
sjwvygw,ਸਜਾਵੇਗਾ,clothe,Punjabi,12
AjIb,ਅਜੀਬ,strange,Punjabi,5
cu`kw,ਚੁੱਕਾ,gone,Punjabi,8
vpwr,ਵਪਾਰ,trade,Punjabi,2
Bjn,ਭਜਨ,melody,Punjabi,1
pRwpq,ਪ੍ਰਾਪਤ,receive,Punjabi,2
kqwr,ਕਤਾਰ,row,Punjabi,2
shI,ਸਹੀ,exact,Punjabi,5
pRqIk,ਪ੍ਰਤੀਕ,symbol,Punjabi,5
mr,ਮਰ,die,Punjabi,1
G`t,ਘੱਟ,least,Punjabi,1
dyvyqy,ਦੇਵੇਤੇ,shout,Punjabi,11
bIj,ਬੀਜ,seed,Punjabi,5
ton,ਟੋਨ,tone,Punjabi,15
suJwA,ਸੁਝਾਅ,suggest,Punjabi,8
bRyk,ਬ੍ਰੇਕ,break,Punjabi,11
AOrq,ਔਰਤ,lady,Punjabi,17
Xwrf,ਯਾਰਡ,yard,Punjabi,2
vD,ਵਧ,rise,Punjabi,1
burw,ਬੁਰਾ,bad,Punjabi,8
au`ifAw,ਉੱਡਿਆ,blow,Punjabi,8
PIsdI,ਫੀਸਦੀ,cent,Punjabi,5
imks,ਮਿਕਸ,mix,Punjabi,3
qwr,ਤਾਰ,wire,Punjabi,2
lwgq,ਲਾਗਤ,cost,Punjabi,2
BUrw,ਭੂਰਾ,brown,Punjabi,10
pihnx,ਪਹਿਨਣ,wear,Punjabi,3
bwg,ਬਾਗ,garden,Punjabi,2
brwbr,ਬਰਾਬਰ,equal,Punjabi,2
if`g,ਡਿੱਗ,fell,Punjabi,3
iP`t,ਫਿੱਟ,fit,Punjabi,3
vihxw,ਵਹਿਣਾ,flow,Punjabi,4
mylw,ਮੇਲਾ,fair,Punjabi,12
bk,ਬਕ,bank,Punjabi,1
dsæmlv,ਦਸ਼ਮਲਵ,decimal,Punjabi,1
kMn,ਕੰਨ,ear,Punjabi,19
kwPæI,ਕਾਫ਼ੀ,quite,Punjabi,6
qoV,ਤੋੜ,broke,Punjabi,15
m`D,ਮੱਧ,middle,Punjabi,1
JIl,ਝੀਲ,lake,Punjabi,5
pl,ਪਲ,moment,Punjabi,1
pYmwny,ਪੈਮਾਨੇ,scale,Punjabi,14
au`cI,ਉੱਚੀ,loud,Punjabi,8
bsMq,ਬਸੰਤ,spring,Punjabi,19
is`Dw,ਸਿੱਧਾ,straight,Punjabi,4
kosæ,ਕੋਸ਼,dictionary,Punjabi,15
du`D,ਦੁੱਧ,milk,Punjabi,7
AMg,ਅੰਗ,organ,Punjabi,19
AnuBwg,ਅਨੁਭਾਗ,section,Punjabi,8
pihrwvw,ਪਹਿਰਾਵਾ,dress,Punjabi,4
hYrwnI,ਹੈਰਾਨੀ,surprise,Punjabi,14
cu`p,ਚੁੱਪ,quiet,Punjabi,7
Coty,ਛੋਟੇ,tiny,Punjabi,16
cVHnw,ਚੜ੍ਹਨਾ,climb,Punjabi,2
TMfw,ਠੰਡਾ,cool,Punjabi,20
ifjæwien,ਡਿਜ਼ਾਇਨ,design,Punjabi,4
grIb,ਗਰੀਬ,poor,Punjabi,5
qjrby,ਤਜਰਬੇ,experiment,Punjabi,11
ql,ਤਲ,bottom,Punjabi,1
lohy,ਲੋਹੇ,iron,Punjabi,16
ie`kly,ਇੱਕਲੇ,single,Punjabi,12
sit`k,ਸਟਿੱਕ,stick,Punjabi,3
PlYt,ਫਲੈਟ,flat,Punjabi,13
vIh,ਵੀਹ,twenty,Punjabi,5
muskwn,ਮੁਸਕਾਨ,smile,Punjabi,8
kRIjæ,ਕ੍ਰੀਜ਼,crease,Punjabi,5
morI,ਮੋਰੀ,hole,Punjabi,16
Cwl,ਛਾਲ,jump,Punjabi,2
A`T,ਅੱਠ,eight,Punjabi,1
rUt,ਰੂਟ,root,Punjabi,9
KrIdx,ਖਰੀਦਣ,buy,Punjabi,5
cu`kx,ਚੁੱਕਣ,raise,Punjabi,7
mYtl,ਮੈਟਲ,metal,Punjabi,13
kI,ਕੀ,whether,Punjabi,5
D`kw,ਧੱਕਾ,push,Punjabi,2
s`q,ਸੱਤ,seven,Punjabi,1
pYrw,ਪੈਰਾ,paragraph,Punjabi,14
"qIjw,","ਤੀਜਾ,",third,Punjabi,6
dyxgy,ਦੇਣਗੇ,shall,Punjabi,11
cwr,ਚਾਰ,held,Punjabi,2
vwl,ਵਾਲ,hair,Punjabi,2
ku`k,ਕੁੱਕ,cook,Punjabi,7
mMjiæl,ਮੰਜ਼ਿਲ,floor,Punjabi,20
koeI,ਕੋਈ,either,Punjabi,16
nqIjw,ਨਤੀਜਾ,result,Punjabi,6
phwVI,ਪਹਾੜੀ,hill,Punjabi,6
sur`iKAq,ਸੁਰੱਖਿਅਤ,safe,Punjabi,8
ib`lI,ਬਿੱਲੀ,cat,Punjabi,6
sdI,ਸਦੀ,century,Punjabi,5
ib`t,ਬਿੱਟ,bit,Punjabi,3
qt,ਤਟ,coast,Punjabi,1
kwpI,ਕਾਪੀ,copy,Punjabi,6
vwkMsæ,ਵਾਕੰਸ਼,phrase,Punjabi,20
cu`p,ਚੁੱਪ,silent,Punjabi,7
lMbw,ਲੰਬਾ,tall,Punjabi,20
ryq,ਰੇਤ,sand,Punjabi,11
im`tI,ਮਿੱਟੀ,soil,Punjabi,6
rol,ਰੋਲ,roll,Punjabi,15
iPMgr,ਫਿੰਗਰ,finger,Punjabi,20
lVweI,ਲੜਾਈ,fight,Punjabi,6
JUT,ਝੂਠ,lie,Punjabi,9
hrwieAw,ਹਰਾਇਆ,beat,Punjabi,4
auqswihq,ਉਤਸਾਹਿਤ,excite,Punjabi,8
kudrqI,ਕੁਦਰਤੀ,natural,Punjabi,8
Jlk,ਝਲਕ,view,Punjabi,1
Bwvnw,ਭਾਵਨਾ,sense,Punjabi,2
kursI,ਕੁਰਸੀ,chair,Punjabi,8
Kæqrw,ਖ਼ਤਰਾ,danger,Punjabi,2
AmIr,ਅਮੀਰ,rich,Punjabi,5
motI,ਮੋਟੀ,thick,Punjabi,16
ispwhI,ਸਿਪਾਹੀ,soldier,Punjabi,6
AiBAws,ਅਭਿਆਸ,practice,Punjabi,4
v`Kry,ਵੱਖਰੇ,separate,Punjabi,11
ikRpw,ਕ੍ਰਿਪਾ,please,Punjabi,4
dupihr,ਦੁਪਹਿਰ,noon,Punjabi,8
AwDuink,ਆਧੁਨਿਕ,modern,Punjabi,8
q`q,ਤੱਤ,element,Punjabi,1
ih`t,ਹਿੱਟ,hit,Punjabi,3
kony,ਕੋਨੇ,corner,Punjabi,16
l`Bx,ਲੱਭਣ,locate,Punjabi,1
irMg,ਰਿੰਗ,ring,Punjabi,20
kIVy,ਕੀੜੇ,insect,Punjabi,12
PiVAw,ਫੜਿਆ,caught,Punjabi,4
ryfIE,ਰੇਡੀਓ,radio,Punjabi,12
g`l,ਗੱਲ,spoke,Punjabi,1
AYtm,ਐਟਮ,atom,Punjabi,13
mnu`KI,ਮਨੁੱਖੀ,human,Punjabi,8
h`fI,ਹੱਡੀ,bone,Punjabi,5
ryl,ਰੇਲ,rail,Punjabi,11
muh`eIAw,ਮੁਹੱਈਆ,provide,Punjabi,8
sihmq,ਸਹਿਮਤ,agree,Punjabi,3
koml,ਕੋਮਲ,gentle,Punjabi,15
kpqwn,ਕਪਤਾਨ,captain,Punjabi,2
guess,guess,guess,Punjabi,7
iq`KI,ਤਿੱਖੀ,sharp,Punjabi,6
ivMg,ਵਿੰਗ,wing,Punjabi,20
nyVlw,ਨੇੜਲਾ,neighbor,Punjabi,12
Dox,ਧੋਣ,wash,Punjabi,15
b¤lybwjæI,ਬੱਲੇਬਾਜ਼ੀ,bat,Punjabi,12
BIV,ਭੀੜ,crowd,Punjabi,5
mkeI,ਮਕਈ,corn,Punjabi,5
kivqw,ਕਵਿਤਾ,poem,Punjabi,4
sqr,ਸਤਰ,string,Punjabi,1
GMtI,ਘੰਟੀ,bell,Punjabi,20
inrBr,ਨਿਰਭਰ,depend,Punjabi,3
mIt,ਮੀਟ,meat,Punjabi,5
itaUb,ਟਿਊਬ,tube,Punjabi,10
msæhUr,ਮਸ਼ਹੂਰ,famous,Punjabi,9
strIm,ਸਟਰੀਮ,stream,Punjabi,5
njær,ਨਜ਼ਰ,sight,Punjabi,1
pqly,ਪਤਲੇ,thin,Punjabi,11
iqkox,ਤਿਕੋਣ,triangle,Punjabi,16
gRih,ਗ੍ਰਹਿ,planet,Punjabi,3
bsqI,ਬਸਤੀ,colony,Punjabi,5
tweI,ਟਾਈ,tie,Punjabi,6
"idE,","ਦਿਓ,",enter,Punjabi,3
mu`K,ਮੁੱਖ,major,Punjabi,7
qwjæw,ਤਾਜ਼ਾ,fresh,Punjabi,2
Byjx,ਭੇਜਣ,send,Punjabi,11
pIly,ਪੀਲੇ,yellow,Punjabi,12
bMdUk,ਬੰਦੂਕ,gun,Punjabi,20
ipRMt,ਪ੍ਰਿੰਟ,print,Punjabi,20
mry,ਮਰੇ,dead,Punjabi,11
spwt,ਸਪਾਟ,spot,Punjabi,2
mwrUQl,ਮਾਰੂਥਲ,desert,Punjabi,10
muk`dmy,ਮੁਕੱਦਮੇ,suit,Punjabi,12
mOjUdw,ਮੌਜੂਦਾ,current,Punjabi,18
ilPt,ਲਿਫਟ,lift,Punjabi,3
au`iTAw,ਉੱਠਿਆ,rose,Punjabi,8
phuMcdy,ਪਹੁੰਚਦੇ,arrive,Punjabi,20
mwstr,ਮਾਸਟਰ,master,Punjabi,2
trYk,ਟਰੈਕ,track,Punjabi,13
mwqw,ਮਾਤਾ,parent,Punjabi,2
kMFy,ਕੰਢੇ,shore,Punjabi,20
vMf,ਵੰਡ,division,Punjabi,19
sæIt,ਸ਼ੀਟ,sheet,Punjabi,5
pdwrQ,ਪਦਾਰਥ,substance,Punjabi,2
post,ਪੋਸਟ,post,Punjabi,15
Krc,ਖਰਚ,spend,Punjabi,1
koirjæ,ਕੋਰਿਜ਼,chord,Punjabi,16
crbI,ਚਰਬੀ,fat,Punjabi,5
Kusæ,ਖੁਸ਼,glad,Punjabi,7
AslI,ਅਸਲੀ,original,Punjabi,5
sæyAr,ਸ਼ੇਅਰ,share,Punjabi,11
stysæn,ਸਟੇਸ਼ਨ,station,Punjabi,11
fYfI,ਡੈਡੀ,dad,Punjabi,14
cwrj,ਚਾਰਜ,charge,Punjabi,2
shI,ਸਹੀ,proper,Punjabi,5
isgimMt,ਸਿਗਮਿੰਟ,segment,Punjabi,20
bqKæ,ਬਤਖ਼,duck,Punjabi,1
qurMq,ਤੁਰੰਤ,instant,Punjabi,20
iqAwr,ਤਿਆਰ,populate,Punjabi,4
mtrI,ਮਟਰੀ,chick,Punjabi,5
ipAwry,ਪਿਆਰੇ,dear,Punjabi,12
dusæmx,ਦੁਸ਼ਮਣ,enemy,Punjabi,7
jvwb,ਜਵਾਬ,reply,Punjabi,2
Aw,ਆ,occur,Punjabi,2
BwPæ,ਭਾਫ਼,steam,Punjabi,2
mosæn,ਮੋਸ਼ਨ,motion,Punjabi,15
qrl,ਤਰਲ,liquid,Punjabi,1
smr`Qw,ਸਮਰੱਥਾ,quotient,Punjabi,2
dMd,ਦੰਦ,teeth,Punjabi,19
sæY`l,ਸ਼ੈੱਲ,shell,Punjabi,13
grdn,ਗਰਦਨ,neck,Punjabi,1
AwksIjn,ਆਕਸੀਜਨ,oxygen,Punjabi,6
KMf,ਖੰਡ,sugar,Punjabi,19
prYtI,ਪਰੈਟੀ,pretty,Punjabi,14
hunr,ਹੁਨਰ,skill,Punjabi,7
mihlw,ਮਹਿਲਾ,women,Punjabi,4
sIjæn,ਸੀਜ਼ਨ,season,Punjabi,5
cuMbk,ਚੁੰਬਕ,magnet,Punjabi,20
islvr,ਸਿਲਵਰ,silver,Punjabi,3
DMnvwd,ਧੰਨਵਾਦ,thank,Punjabi,20
sæwKw,ਸ਼ਾਖਾ,branch,Punjabi,2
mYc,ਮੈਚ,match,Punjabi,13
ipCyqr,ਪਿਛੇਤਰ,suffix,Punjabi,12
AMjIr,ਅੰਜੀਰ,fig,Punjabi,20
fr,ਡਰ,afraid,Punjabi,1
v¤fy,ਵੱਡੇ,huge,Punjabi,11
stIl,ਸਟੀਲ,steel,Punjabi,5
A¤gy,ਅੱਗੇ,forward,Punjabi,11
iesy,ਇਸੇ,similar,Punjabi,12
skor,ਸਕੋਰ,score,Punjabi,15
syb,ਸੇਬ,apple,Punjabi,11
KrIdI,ਖਰੀਦੀ,bought,Punjabi,5
ip`c,ਪਿੱਚ,pitch,Punjabi,3
kot,ਕੋਟ,coat,Punjabi,15
jnqk,ਜਨਤਕ,mass,Punjabi,1
kwrf,ਕਾਰਡ,card,Punjabi,2
pihrydwr,ਪਹਿਰੇਦਾਰ,band,Punjabi,12
r`sI,ਰੱਸੀ,rope,Punjabi,5
isl`p,ਸਿਲੱਪ,slip,Punjabi,3
ij`q,ਜਿੱਤ,win,Punjabi,3
supny,ਸੁਪਨੇ,dream,Punjabi,12
hwlq,ਹਾਲਤ,condition,Punjabi,2
ku`l,ਕੁੱਲ,total,Punjabi,7
buinAwdI,ਬੁਨਿਆਦੀ,basic,Punjabi,8
gMD,ਗੰਧ,smell,Punjabi,19
GwtI,ਘਾਟੀ,valley,Punjabi,6
fbl,ਡਬਲ,double,Punjabi,1
sIt,ਸੀਟ,seat,Punjabi,5
blwk,ਬਲਾਕ,block,Punjabi,2
cwrt,ਚਾਰਟ,chart,Punjabi,2
topI,ਟੋਪੀ,hat,Punjabi,16
vycx,ਵੇਚਣ,sell,Punjabi,11
GtwE,ਘਟਾਓ,subtract,Punjabi,2
Gtnw,ਘਟਨਾ,event,Punjabi,2
Kws,ਖਾਸ,particular,Punjabi,2
sOdw,ਸੌਦਾ,deal,Punjabi,18
qYrwkI,ਤੈਰਾਕੀ,swim,Punjabi,14
ju`qI,ਜੁੱਤੀ,shoe,Punjabi,8
moFy,ਮੋਢੇ,shoulder,Punjabi,16
PYlx,ਫੈਲਣ,spread,Punjabi,13
fyry,ਡੇਰੇ,camp,Punjabi,11
kwF,ਕਾਢ,invent,Punjabi,2
kpwh,ਕਪਾਹ,cotton,Punjabi,2
jnm,ਜਨਮ,born,Punjabi,1
kvwtr,ਕਵਾਟਰ,quart,Punjabi,2
nO,ਨੌ,nine,Punjabi,17
tr`k,ਟਰੱਕ,truck,Punjabi,1
rOlw,ਰੌਲਾ,noise,Punjabi,18
mOkw,ਮੌਕਾ,chance,Punjabi,18
iek`Tw,ਇਕੱਠਾ,gather,Punjabi,4
dukwn,ਦੁਕਾਨ,shop,Punjabi,8
su`t,ਸੁੱਟ,throw,Punjabi,7
cwnx,ਚਾਨਣ,shine,Punjabi,2
kwlm,ਕਾਲਮ,column,Punjabi,2
AxU,ਅਣੂ,molecule,Punjabi,9
slytI,ਸਲੇਟੀ,gray,Punjabi,12
duhrwau,ਦੁਹਰਾਉ,repeat,Punjabi,8
ivAwpk,ਵਿਆਪਕ,broad,Punjabi,4
lUx,ਲੂਣ,salt,Punjabi,9
n`k,ਨੱਕ,nose,Punjabi,1
bhuvcn,ਬਹੁਵਚਨ,plural,Punjabi,7
dwAvw,ਦਾਅਵਾ,claim,Punjabi,2
mhwdIp,ਮਹਾਦੀਪ,continent,Punjabi,6
